Building Name,Address,Detail URL
Yiuga Fty Bldg,62 Victoria Road,https://www.midlandici.com.hk/ics/property/building/details/B000025468/Yiuga-Fty-Bldg
Chai Wan Ind City Ph 1,60 Wing Tai Road,https://www.midlandici.com.hk/ics/property/building/details/B000007901/Chai-Wan-Ind-City-Ph-1
Chai Wan Ind City Ph 2,70 Wing Tai Road,https://www.midlandici.com.hk/ics/property/building/details/B000007903/Chai-Wan-Ind-City-Ph-2
Cheung Lee Ind Bldg,9 Cheung Lee Street,https://www.midlandici.com.hk/ics/property/building/details/B000007205/Cheung-Lee-Ind-Bldg
Cheung Tat Ctr,18 Cheung Lee Street,https://www.midlandici.com.hk/ics/property/building/details/B000007206/Cheung-Tat-Ctr
China Resources Chaiwan Warehouse,50 Ka Yip Street,https://www.midlandici.com.hk/ics/property/building/details/B000020634/China-Resources-Chaiwan-Warehouse
Cornell Ctr,50 Wing Tai Road,https://www.midlandici.com.hk/ics/property/building/details/B000007209/Cornell-Ctr
Decca Industrial Centre,12 Kut Shing Street,https://www.midlandici.com.hk/ics/property/building/details/B000007509/Decca-Industrial-Centre
Eastern Ctr,1065 King's Road,https://www.midlandici.com.hk/ics/property/building/details/B000007214/Eastern-Ctr
Eastern Harbour Ctr,28 Hoi Chak Street,https://www.midlandici.com.hk/ics/property/building/details/B000007211/Eastern-Harbour-Ctr
Fortune Fty Bldg Blk A,40 Lee Chung Street,https://www.midlandici.com.hk/ics/property/building/details/B000007513/Fortune-Fty-Bldg-Blk-A
Fortune Fty Bldg Blk B,40 Lee Chung Street,https://www.midlandici.com.hk/ics/property/building/details/B000059626/Fortune-Fty-Bldg-Blk-B
Hong Man Ind Ctr,2 Hong Man Street,https://www.midlandici.com.hk/ics/property/building/details/B000007510/Hong-Man-Ind-Ctr
Honour Industrial Centre,6 Sun Yip Street,https://www.midlandici.com.hk/ics/property/building/details/B000007210/Honour-Industrial-Centre
Hop Shi Fty Bldg,29-31 Lee Chung Street,https://www.midlandici.com.hk/ics/property/building/details/B000007078/Hop-Shi-Fty-Bldg
Kailey Ind Ctr,1 Fung Yip Street,https://www.midlandici.com.hk/ics/property/building/details/B000007844/Kailey-Ind-Ctr
Kailey Ind Ctr Blk B,12 Fung Yip Street,https://www.midlandici.com.hk/ics/property/building/details/B000007845/Kailey-Ind-Ctr-Blk-B
Kodak Hse Blk 2,39 Healthy Street East,https://www.midlandici.com.hk/ics/property/building/details/B000020827/Kodak-Hse-Blk-2
M P Ind Ctr Blk A,18 Ka Yip Street,https://www.midlandici.com.hk/ics/property/building/details/B000007842/M-P-Ind-Ctr-Blk-A
M P Ind Ctr Blk B,18 Ka Yip Street,https://www.midlandici.com.hk/ics/property/building/details/B000007843/M-P-Ind-Ctr-Blk-B
Mega-iadvantage,399 Chai Wan Road,https://www.midlandici.com.hk/ics/property/building/details/B000024368/Mega-iadvantage
Paramount Bldg,12 Ka Yip Street,https://www.midlandici.com.hk/ics/property/building/details/B000007208/Paramount-Bldg
Safety Godown Industrial Building,56 Ka Yip Street,https://www.midlandici.com.hk/ics/property/building/details/B000007055/Safety-Godown-Industrial-Building
Sea View Est Blk A,2 Watson Road,https://www.midlandici.com.hk/ics/property/building/details/B000007847/Sea-View-Est-Blk-A
Sea View Est Blk B,4-6 Watson Road,https://www.midlandici.com.hk/ics/property/building/details/B000007848/Sea-View-Est-Blk-B
Sea View Est Blk C,8 Watson Road,https://www.midlandici.com.hk/ics/property/building/details/B000056176/Sea-View-Est-Blk-C
Sino Favour Ctr,1 On Yip Street,https://www.midlandici.com.hk/ics/property/building/details/B000007511/Sino-Favour-Ctr
Sunview Industrial Building,3 On Yip Street,https://www.midlandici.com.hk/ics/property/building/details/B000007059/Sunview-Industrial-Building
Technology Plaza,651 King's Road,https://www.midlandici.com.hk/ics/property/building/details/B000007490/Technology-Plaza
Tung Chong Fty Bldg,653-659 King's Road,https://www.midlandici.com.hk/ics/property/building/details/B000007218/Tung-Chong-Fty-Bldg
Westlands Ctr,20 Westlands Road,https://www.midlandici.com.hk/ics/property/building/details/B000007212/Westlands-Ctr
Yiko Industrial Building,10 Ka Yip Street,https://www.midlandici.com.hk/ics/property/building/details/B000007064/Yiko-Industrial-Building
Yip Cheung Ctr,10 Fung Yip Street,https://www.midlandici.com.hk/ics/property/building/details/B000007065/Yip-Cheung-Ctr
Grand Marine Center,3 Yue Fung Street,https://www.midlandici.com.hk/ics/property/building/details/B000019530/Grand-Marine-Center
Harbour Ind Ctr,10 Lee Hing Street,https://www.midlandici.com.hk/ics/property/building/details/B000019713/Harbour-Ind-Ctr
Hing Wai Ctr,7 Tin Wan Praya Road,https://www.midlandici.com.hk/ics/property/building/details/B000019903/Hing-Wai-Ctr
Horizon Plaza,2 Lee Wing Street,https://www.midlandici.com.hk/ics/property/building/details/B000090803/Horizon-Plaza
Kingley Ind Bldg Blk 1,33-35 Yip Kan St,https://www.midlandici.com.hk/ics/property/building/details/B000059768/Kingley-Ind-Bldg-Blk-1
Kingley Ind Bldg Blk 2,33-35 Yip Kan St,https://www.midlandici.com.hk/ics/property/building/details/B000020762/Kingley-Ind-Bldg-Blk-2
Leader Ind Ctr,37 Wong Chuk Hang Road,https://www.midlandici.com.hk/ics/property/building/details/B000021173/Leader-Ind-Ctr
Oceanic Ind Ctr,2 Lee Lok Street,https://www.midlandici.com.hk/ics/property/building/details/B000022225/Oceanic-Ind-Ctr
Yan's Twr,25-27 Wong Chuk Hang Road,https://www.midlandici.com.hk/ics/property/building/details/B000025236/Yan-s-Twr
Hang Chong Ctr,136-146 Bedford Road,https://www.midlandici.com.hk/ics/property/building/details/B000019636/Hang-Chong-Ctr
Khora,128 Bedford Road,https://www.midlandici.com.hk/ics/property/building/details/B000084440/Khora
Mow Shing Ctr,118 Bedford Road,https://www.midlandici.com.hk/ics/property/building/details/B000021990/Mow-Shing-Ctr
Silicon Tower,82-88 Larch Street,https://www.midlandici.com.hk/ics/property/building/details/B000023343/Silicon-Tower
Solo,81 Bedford Road,https://www.midlandici.com.hk/ics/property/building/details/B000068633/Solo
Splendid Ctr,94-108 Larch Street,https://www.midlandici.com.hk/ics/property/building/details/B000023475/Splendid-Ctr
Style Fty Bldg,9 Elm Street,https://www.midlandici.com.hk/ics/property/building/details/B000023523/Style-Fty-Bldg
Sunbeam Plaza,1155 Canton Road,https://www.midlandici.com.hk/ics/property/building/details/B000023620/Sunbeam-Plaza
Tai Chi Fty Bldg,25-29 Kok Cheung Street,https://www.midlandici.com.hk/ics/property/building/details/B000023708/Tai-Chi-Fty-Bldg
The Bedford,91-93 Bedford Road,https://www.midlandici.com.hk/ics/property/building/details/B000076248/The-Bedford
The Cloud,111 Tung Chau Street,https://www.midlandici.com.hk/ics/property/building/details/B000093379/The-Cloud
Two Bedford Place,必發道75號,https://www.midlandici.com.hk/ics/property/building/details/B000121963/Two-Bedford-Place
Wah Yuen Fty Bldg,15-21 Beech Street,https://www.midlandici.com.hk/ics/property/building/details/B000024652/Wah-Yuen-Fty-Bldg
Wai Yick Ind Bldg,99-101 Bedford Road,https://www.midlandici.com.hk/ics/property/building/details/B000024694/Wai-Yick-Ind-Bldg
Walnut 9,9 Walnut Street,https://www.midlandici.com.hk/ics/property/building/details/B000087056/Walnut-9
Wang Yip Ind Bldg,1 Elm Street,https://www.midlandici.com.hk/ics/property/building/details/B000024775/Wang-Yip-Ind-Bldg
Wing Gar Fty Bldg,87 Larch Street,https://www.midlandici.com.hk/ics/property/building/details/B000024930/Wing-Gar-Fty-Bldg
Worldwide Centre,123 Tung Chau Street,https://www.midlandici.com.hk/ics/property/building/details/B000059583/Worldwide-Centre
Yee Lee Bldg,131-133 Tung Chau Street,https://www.midlandici.com.hk/ics/property/building/details/B000059585/Yee-Lee-Bldg
822 Lai Chi Kok Road,822 Lai Chi Kok Road,https://www.midlandici.com.hk/ics/property/building/details/B000055077/822-Lai-Chi-Kok-Road
9 Wing Hong St,9 Wing Hong Street,https://www.midlandici.com.hk/ics/property/building/details/B000007904/9-Wing-Hong-St
Centre 600,82 King Lam Street,https://www.midlandici.com.hk/ics/property/building/details/B000007239/Centre-600
Ceo Tower,77 Wing Hong Street,https://www.midlandici.com.hk/ics/property/building/details/B000068495/Ceo-Tower
Charm Ctr,700 Castle Peak Road,https://www.midlandici.com.hk/ics/property/building/details/B000007240/Charm-Ctr
China United Plaza,1008 Tai Nan West Street,https://www.midlandici.com.hk/ics/property/building/details/B000007241/China-United-Plaza
Cre Ctr,889 Cheung Sha Wan Road,https://www.midlandici.com.hk/ics/property/building/details/B000007243/Cre-Ctr
D2 Place 2,15 Cheung Shun Street,https://www.midlandici.com.hk/ics/property/building/details/B000055082/D2-Place-2
Dragon Ind Bldg,93 King Lam Street,https://www.midlandici.com.hk/ics/property/building/details/B000007244/Dragon-Ind-Bldg
Elite Ind Ctr,883 Cheung Sha Wan Road,https://www.midlandici.com.hk/ics/property/building/details/B000007245/Elite-Ind-Ctr
Fashion Ctr,51-53 Wing Hong Street,https://www.midlandici.com.hk/ics/property/building/details/B000007935/Fashion-Ctr
Fast Ind Bldg,658 Castle Peak Road,https://www.midlandici.com.hk/ics/property/building/details/B000019099/Fast-Ind-Bldg
Ford Glory Plaza,37-39 Wing Hong Street,https://www.midlandici.com.hk/ics/property/building/details/B000020382/Ford-Glory-Plaza
Fung Wah Factory Building,646-648a Castle Peak Road,https://www.midlandici.com.hk/ics/property/building/details/B000019358/Fung-Wah-Factory-Building
Garment Ctr,576-586 Castle Peak Road,https://www.midlandici.com.hk/ics/property/building/details/B000019390/Garment-Ctr
Global Gateway Tower,63 Wing Hong Street,https://www.midlandici.com.hk/ics/property/building/details/B000079730/Global-Gateway-Tower
Grandion Plaza,932 Cheung Sha Wan Road,https://www.midlandici.com.hk/ics/property/building/details/B000068661/Grandion-Plaza
Hk Ind Ctr Blk A,489-491 Castle Peak Road,https://www.midlandici.com.hk/ics/property/building/details/B000007915/Hk-Ind-Ctr-Blk-A
Hk Ind Ctr Blk B,489-491 Castle Peak Road,https://www.midlandici.com.hk/ics/property/building/details/B000007916/Hk-Ind-Ctr-Blk-B
Hk Ind Ctr Blk C,489-491 Castle Peak Road,https://www.midlandici.com.hk/ics/property/building/details/B000007918/Hk-Ind-Ctr-Blk-C
"Hk Spinners Ind Bldg (1,2)",601-603 Tai Nan West Street,https://www.midlandici.com.hk/ics/property/building/details/B000007924/Hk-Spinners-Ind-Bldg--1-2-
Hk Spinners Ind Bldg (5),760 Cheung Sha Wan Road,https://www.midlandici.com.hk/ics/property/building/details/B000007929/Hk-Spinners-Ind-Bldg--5-
Hk Spinners Ind Bldg (6),481 Castle Peak Road,https://www.midlandici.com.hk/ics/property/building/details/B000007930/Hk-Spinners-Ind-Bldg--6-
Hop Hing Ind Bldg,704 Castle Peak Road,https://www.midlandici.com.hk/ics/property/building/details/B000007237/Hop-Hing-Ind-Bldg
Hung Cheong Fty Bldg,3 Kwong Cheung Street,https://www.midlandici.com.hk/ics/property/building/details/B000020168/Hung-Cheong-Fty-Bldg
Ka To Fty Bldg,2 Cheung Yue Street,https://www.midlandici.com.hk/ics/property/building/details/B000007238/Ka-To-Fty-Bldg
Kimberland Centre,55 Wing Hong Street,https://www.midlandici.com.hk/ics/property/building/details/B000081953/Kimberland-Centre
Kowloon Plaza,485 Castle Peak Road,https://www.midlandici.com.hk/ics/property/building/details/B000007230/Kowloon-Plaza
Kwong Tai Fty Bldg,750 Cheung Sha Wan Road,https://www.midlandici.com.hk/ics/property/building/details/B000021021/Kwong-Tai-Fty-Bldg
Long To Bldg,654-656 Castle Peak Road,https://www.midlandici.com.hk/ics/property/building/details/B000021421/Long-To-Bldg
Luen Hing Fty Bldg,109 King Lam Street,https://www.midlandici.com.hk/ics/property/building/details/B000021477/Luen-Hing-Fty-Bldg
New Timely Fty Bldg,497 Castle Peak Road,https://www.midlandici.com.hk/ics/property/building/details/B000022098/New-Timely-Fty-Bldg
One Two One,121 King Lam Street,https://www.midlandici.com.hk/ics/property/building/details/B000101679/One-Two-One
Orient International Tower,1018 Tai Nan West Street,https://www.midlandici.com.hk/ics/property/building/details/B000094024/Orient-International-Tower
Precious Ind Ctr,18 Cheung Yue Street,https://www.midlandici.com.hk/ics/property/building/details/B000022746/Precious-Ind-Ctr
Premier Ctr,20 Cheung Shun Street,https://www.midlandici.com.hk/ics/property/building/details/B000007229/Premier-Ctr
Prowell Asia Centre,926 Cheung Sha Wan Road,https://www.midlandici.com.hk/ics/property/building/details/B000094023/Prowell-Asia-Centre
Siu Wai Ind Ctr,29-33 Wing Hong Street,https://www.midlandici.com.hk/ics/property/building/details/B000007231/Siu-Wai-Ind-Ctr
Sterling Ctr,11 Cheung Yue Street,https://www.midlandici.com.hk/ics/property/building/details/B000007232/Sterling-Ctr
Tai Shing Factory Building,273-279 Un Chau Street,https://www.midlandici.com.hk/ics/property/building/details/B000077739/Tai-Shing-Factory-Building
The Globe,79 Wing Hong Street,https://www.midlandici.com.hk/ics/property/building/details/B000054388/The-Globe
Trust Ctr,912-914 Cheung Sha Wan Road,https://www.midlandici.com.hk/ics/property/building/details/B000007234/Trust-Ctr
Verde Heights,No 550 Castle Peak Road,https://www.midlandici.com.hk/ics/property/building/details/B000122544/Verde-Heights
Vita Green Tower,918 Cheung Sha Wan Road,https://www.midlandici.com.hk/ics/property/building/details/B000094022/Vita-Green-Tower
Vogue Ctr,696 Castle Peak Road,https://www.midlandici.com.hk/ics/property/building/details/B000007235/Vogue-Ctr
W668,668-680 Castle Peak Road,https://www.midlandici.com.hk/ics/property/building/details/B000081664/W668
Wah Shing Ind Bldg,18 Cheung Shun Street,https://www.midlandici.com.hk/ics/property/building/details/B000024612/Wah-Shing-Ind-Bldg
Wing Hong Ctr,18 Wing Hong Street,https://www.midlandici.com.hk/ics/property/building/details/B000007236/Wing-Hong-Ctr
Yee Tak Fty Bldg,42 Wing Hong Street,https://www.midlandici.com.hk/ics/property/building/details/B000025310/Yee-Tak-Fty-Bldg
Ying Tung Industrial Building,802 Lai Chi Kok Road,https://www.midlandici.com.hk/ics/property/building/details/B000025402/Ying-Tung-Industrial-Building
Yuen Shing Ind Bldg,1033 Yee Kuk Street West,https://www.midlandici.com.hk/ics/property/building/details/B000025555/Yuen-Shing-Ind-Bldg
Eldex Ind Bldg,21 Ma Tau Wai Road,https://www.midlandici.com.hk/ics/property/building/details/B000007488/Eldex-Ind-Bldg
Focal Ind Ctr - A,21 Man Lok Street,https://www.midlandici.com.hk/ics/property/building/details/B000007768/Focal-Ind-Ctr---A
Focal Ind Ctr - B,21 Man Lok Street,https://www.midlandici.com.hk/ics/property/building/details/B000007769/Focal-Ind-Ctr---B
Fu Hang Industrial Building,1 Hok Yuen Street East,https://www.midlandici.com.hk/ics/property/building/details/B000007485/Fu-Hang-Industrial-Building
Gemstar Tower,23 Man Lok Street,https://www.midlandici.com.hk/ics/property/building/details/B000007087/Gemstar-Tower
Guardforce Centre,3 Hok Yuen Street East,https://www.midlandici.com.hk/ics/property/building/details/B000007489/Guardforce-Centre
Harbour Ctr Tower 1,1 Hok Cheung Street,https://www.midlandici.com.hk/ics/property/building/details/B000007891/Harbour-Ctr-Tower-1
Harbour Ctr Tower 2,8 Hok Cheung Street,https://www.midlandici.com.hk/ics/property/building/details/B000007892/Harbour-Ctr-Tower-2
Heng Ngai Jewelry Ctr,4 Hok Yuen Street East,https://www.midlandici.com.hk/ics/property/building/details/B000019657/Heng-Ngai-Jewelry-Ctr
Hilder Ctr,2 Sung Ping Street,https://www.midlandici.com.hk/ics/property/building/details/B000007486/Hilder-Ctr
Kaiser Estate Phase 1,37-45 Man Yue Street,https://www.midlandici.com.hk/ics/property/building/details/B000054107/Kaiser-Estate-Phase-1
Kaiser Estate Phase 2,47-53 Man Yue Street,https://www.midlandici.com.hk/ics/property/building/details/B000007168/Kaiser-Estate-Phase-2
Kaiser Estate Phase 3,9-11a Hok Yuen Street,https://www.midlandici.com.hk/ics/property/building/details/B000007169/Kaiser-Estate-Phase-3
New Lee Wah Centre,88 To Kwa Wan Road,https://www.midlandici.com.hk/ics/property/building/details/B000022089/New-Lee-Wah-Centre
Sui Ying Ind Bldg,1 Yuk Yat Street,https://www.midlandici.com.hk/ics/property/building/details/B000023549/Sui-Ying-Ind-Bldg
Winner Bldg,32-40 Man Yue Street,https://www.midlandici.com.hk/ics/property/building/details/B000056050/Winner-Bldg
Canny Ind Bldg,33 Tai Yau Street,https://www.midlandici.com.hk/ics/property/building/details/B000018309/Canny-Ind-Bldg
Horizon East,1 Tsat Po Street,https://www.midlandici.com.hk/ics/property/building/details/B000103151/Horizon-East
Laurels Ind Ctr,32 Tai Yau Street,https://www.midlandici.com.hk/ics/property/building/details/B000021164/Laurels-Ind-Ctr
Luk Hop Ind Bldg,8 Luk Hop Street,https://www.midlandici.com.hk/ics/property/building/details/B000021509/Luk-Hop-Ind-Bldg
Max Trade Ctr,23 Luk Hop Street,https://www.midlandici.com.hk/ics/property/building/details/B000021792/Max-Trade-Ctr
Midas Plaza,1 Tai Yau Street,https://www.midlandici.com.hk/ics/property/building/details/B000062682/Midas-Plaza
New Tech Plaza,34 Tai Yau Street,https://www.midlandici.com.hk/ics/property/building/details/B000022097/New-Tech-Plaza
New Trend Ctr,704 Prince Edward Road East,https://www.midlandici.com.hk/ics/property/building/details/B000022103/New-Trend-Ctr
Wing Sum 2nd Ind Bldg,12-14 Sam Chuk Street,https://www.midlandici.com.hk/ics/property/building/details/B000025014/Wing-Sum-2nd-Ind-Bldg
Wong King Ind Bldg,192 Choi Hung Road,https://www.midlandici.com.hk/ics/property/building/details/B000025128/Wong-King-Ind-Bldg
1 Hung To Road,1 Hung To Road,https://www.midlandici.com.hk/ics/property/building/details/B000007896/1-Hung-To-Road
Air Goal Cargo Bldg,330 Kwun Tong Road,https://www.midlandici.com.hk/ics/property/building/details/B000018063/Air-Goal-Cargo-Bldg
Apec Plaza,49 Hoi Yuen Road,https://www.midlandici.com.hk/ics/property/building/details/B000007098/Apec-Plaza
Assun Pacific Center,41 Tsun Yip Street,https://www.midlandici.com.hk/ics/property/building/details/B000007501/Assun-Pacific-Center
Billion Trade Ctr,31 Hung To Road,https://www.midlandici.com.hk/ics/property/building/details/B000007046/Billion-Trade-Ctr
Camelpaint Bldg Blk 1,62 Hoi Yuen Road,https://www.midlandici.com.hk/ics/property/building/details/B000007776/Camelpaint-Bldg-Blk-1
Camelpaint Bldg Blk 2,62 Hoi Yuen Road,https://www.midlandici.com.hk/ics/property/building/details/B000007777/Camelpaint-Bldg-Blk-2
Camelpaint Bldg Blk 3,60 Hoi Yuen Road,https://www.midlandici.com.hk/ics/property/building/details/B000007778/Camelpaint-Bldg-Blk-3
Cantake Fty Bldg,172 Wai Yip Street,https://www.midlandici.com.hk/ics/property/building/details/B000018311/Cantake-Fty-Bldg
Capital Trade Ctr,62 Tsun Yip Street,https://www.midlandici.com.hk/ics/property/building/details/B000007100/Capital-Trade-Ctr
Century Ctr,44-46 Hung To Road,https://www.midlandici.com.hk/ics/property/building/details/B000007102/Century-Ctr
Cfc - Catic Bldg,44 Tsun Yip Street,https://www.midlandici.com.hk/ics/property/building/details/B000007841/Cfc---Catic-Bldg
Cheung Hing Ind Bldg (kt),23 Tai Yip Street,https://www.midlandici.com.hk/ics/property/building/details/B000018505/Cheung-Hing-Ind-Bldg--kt-
China Trade Ctr,122-124 Wai Yip Street,https://www.midlandici.com.hk/ics/property/building/details/B000007104/China-Trade-Ctr
Chuan Yuan Fty Bldg,342-344 Kwun Tong Road,https://www.midlandici.com.hk/ics/property/building/details/B000018709/Chuan-Yuan-Fty-Bldg
Chung Mei Ind Ctr,15 Hing Yip Street,https://www.midlandici.com.hk/ics/property/building/details/B000007831/Chung-Mei-Ind-Ctr
Chung Mei Ind Ctr Blk B,15 Hing Yip Street,https://www.midlandici.com.hk/ics/property/building/details/B000007832/Chung-Mei-Ind-Ctr-Blk-B
Continental Electric Bldg,17 Wang Chiu Road,https://www.midlandici.com.hk/ics/property/building/details/B000059602/Continental-Electric-Bldg
Core 45,43-45 Tsun Yip Street,https://www.midlandici.com.hk/ics/property/building/details/B000084208/Core-45
Crown Ind Bldg,106 How Ming Street,https://www.midlandici.com.hk/ics/property/building/details/B000007492/Crown-Ind-Bldg
D J Bldg,173 Hoi Bun Road,https://www.midlandici.com.hk/ics/property/building/details/B000018911/D-J-Bldg
Dah Way Industrial Building,86 Hung To Road,https://www.midlandici.com.hk/ics/property/building/details/B000018915/Dah-Way-Industrial-Building
Entrepot Ctr,117 How Ming Street,https://www.midlandici.com.hk/ics/property/building/details/B000007099/Entrepot-Ctr
Everest Ind Ctr,396 Kwun Tong Road,https://www.midlandici.com.hk/ics/property/building/details/B000007109/Everest-Ind-Ctr
Everwin Ctr,72 Hung To Road,https://www.midlandici.com.hk/ics/property/building/details/B000007897/Everwin-Ctr
First Group Centre (old),14 Wang Tai Road,https://www.midlandici.com.hk/ics/property/building/details/B000018707/First-Group-Centre--old-
Fook Hong Ind Bldg,19 Sheung Yuet Road,https://www.midlandici.com.hk/ics/property/building/details/B000007523/Fook-Hong-Ind-Bldg
Free Trade Ctr,49 Tsun Yip Street,https://www.midlandici.com.hk/ics/property/building/details/B000007101/Free-Trade-Ctr
Fully Ind Bldg,6 Tsun Yip Lane,https://www.midlandici.com.hk/ics/property/building/details/B000019325/Fully-Ind-Bldg
Fun Tower,35 Hung To Road,https://www.midlandici.com.hk/ics/property/building/details/B000076260/Fun-Tower
Fung Yip Ind Bldg,170 Wai Yip Street,https://www.midlandici.com.hk/ics/property/building/details/B000019369/Fung-Yip-Ind-Bldg
Gee Lok Ind Bldg,34 Hung To Road,https://www.midlandici.com.hk/ics/property/building/details/B000019402/Gee-Lok-Ind-Bldg
Gr8 Inno Tech Centre,46 Tsun Yip Street,https://www.midlandici.com.hk/ics/property/building/details/B000093836/Gr8-Inno-Tech-Centre
Hewlett Ctr,52-54 Hoi Yuen Road,https://www.midlandici.com.hk/ics/property/building/details/B000007096/Hewlett-Ctr
High Win Fty Bldg,47 Hoi Yuen Road,https://www.midlandici.com.hk/ics/property/building/details/B000019816/High-Win-Fty-Bldg
Hing Yip Centre,31 Hing Yip Street,https://www.midlandici.com.hk/ics/property/building/details/B000019912/Hing-Yip-Centre
Hoi Bun Ind Bldg,6 Wing Yip Street,https://www.midlandici.com.hk/ics/property/building/details/B000019956/Hoi-Bun-Ind-Bldg
Hoi Luen Ind Ctr Blk A,55 Hoi Yuen Road,https://www.midlandici.com.hk/ics/property/building/details/B000007772/Hoi-Luen-Ind-Ctr-Blk-A
Hoi Luen Ind Ctr Blk B,55 Hoi Yuen Road,https://www.midlandici.com.hk/ics/property/building/details/B000007773/Hoi-Luen-Ind-Ctr-Blk-B
Hong Leong Ind Complex,4 Wang Kwong Road,https://www.midlandici.com.hk/ics/property/building/details/B000020064/Hong-Leong-Ind-Complex
Hope Sea Ind Ctr,26 Lam Hing Street,https://www.midlandici.com.hk/ics/property/building/details/B000007224/Hope-Sea-Ind-Ctr
Horizon Sea,No 33 Hung To Road,https://www.midlandici.com.hk/ics/property/building/details/B000125920/Horizon-Sea
Hung Tai Ind Bldg,37-39 Hung To Road,https://www.midlandici.com.hk/ics/property/building/details/B000007107/Hung-Tai-Ind-Bldg
Hung Tat Ind Bldg,43 Hung To Road,https://www.midlandici.com.hk/ics/property/building/details/B000007108/Hung-Tat-Ind-Bldg
Hung To Ind Bldg,80 Hung To Road,https://www.midlandici.com.hk/ics/property/building/details/B000020210/Hung-To-Ind-Bldg
International Ind Bldg,175 Hoi Bun Road,https://www.midlandici.com.hk/ics/property/building/details/B000059655/International-Ind-Bldg
International Plaza,20 Sheung Yuet Road,https://www.midlandici.com.hk/ics/property/building/details/B000007520/International-Plaza
Jc Tower,91 Wai Yip Street,https://www.midlandici.com.hk/ics/property/building/details/B000059714/Jc-Tower
Jing Hin Ind Bldg,5 Wang Kee Street,https://www.midlandici.com.hk/ics/property/building/details/B000020309/Jing-Hin-Ind-Bldg
Joint Venture Fty Bldg,76 Hung To Road,https://www.midlandici.com.hk/ics/property/building/details/B000020316/Joint-Venture-Fty-Bldg
Jumbo Ind Bldg,189 Wai Yip Street,https://www.midlandici.com.hk/ics/property/building/details/B000020345/Jumbo-Ind-Bldg
Kader Bldg,22 Kai Cheung Road,https://www.midlandici.com.hk/ics/property/building/details/B000020398/Kader-Bldg
Kai Fuk Ind Ctr,1 Wang Tung Street,https://www.midlandici.com.hk/ics/property/building/details/B000007521/Kai-Fuk-Ind-Ctr
Kam Hon Ind Bldg,8 Wang Kwun Road,https://www.midlandici.com.hk/ics/property/building/details/B000020484/Kam-Hon-Ind-Bldg
Kam Mei Lan Ind Bldg,Hoi Yuen Road,https://www.midlandici.com.hk/ics/property/building/details/B000018064/Kam-Mei-Lan-Ind-Bldg
Kenning Ind Bldg,19 Wang Hoi Road,https://www.midlandici.com.hk/ics/property/building/details/B000020624/Kenning-Ind-Bldg
Kinetic Ind Ctr,7 Wang Kwong Road,https://www.midlandici.com.hk/ics/property/building/details/B000020704/Kinetic-Ind-Ctr
King Yip Fty Bldg,59 King Yip Street,https://www.midlandici.com.hk/ics/property/building/details/B000007504/King-Yip-Fty-Bldg
Kingsford Ind Ctr,13 Wang Hoi Road,https://www.midlandici.com.hk/ics/property/building/details/B000020772/Kingsford-Ind-Ctr
Ko Leung Ind Bldg,25 Tai Yip Street,https://www.midlandici.com.hk/ics/property/building/details/B000020818/Ko-Leung-Ind-Bldg
Kowloon Bay Ind Ctr,15 Wang Hoi Road,https://www.midlandici.com.hk/ics/property/building/details/B000007522/Kowloon-Bay-Ind-Ctr
Kras Asia Ind Bldg,79 Hung To Road,https://www.midlandici.com.hk/ics/property/building/details/B000020879/Kras-Asia-Ind-Bldg
Kwong Sang Hong Ctr,151-153 Hoi Bun Road,https://www.midlandici.com.hk/ics/property/building/details/B000007103/Kwong-Sang-Hong-Ctr
Kwun Tong Ind Ctr Blk 1,472-484 Kwun Tong Road,https://www.midlandici.com.hk/ics/property/building/details/B000007779/Kwun-Tong-Ind-Ctr-Blk-1
Kwun Tong Ind Ctr Blk 2,460-470 Kwun Tong Road,https://www.midlandici.com.hk/ics/property/building/details/B000007780/Kwun-Tong-Ind-Ctr-Blk-2
Kwun Tong Ind Ctr Blk 3,448-458 Kwun Tong Road,https://www.midlandici.com.hk/ics/property/building/details/B000007781/Kwun-Tong-Ind-Ctr-Blk-3
Kwun Tong Ind Ctr Blk 4,436-446 Kwun Tong Road,https://www.midlandici.com.hk/ics/property/building/details/B000007782/Kwun-Tong-Ind-Ctr-Blk-4
Lemmi Ctr,50 Hoi Yuen Road,https://www.midlandici.com.hk/ics/property/building/details/B000007805/Lemmi-Ctr
Lladro Building,72 Hoi Yuen Road,https://www.midlandici.com.hk/ics/property/building/details/B000007094/Lladro-Building
Lok Kui Ind Bldg,6-8 Hung To Road,https://www.midlandici.com.hk/ics/property/building/details/B000021376/Lok-Kui-Ind-Bldg
Mai Gar Ind Bldg,146 Wai Yip Street,https://www.midlandici.com.hk/ics/property/building/details/B000021597/Mai-Gar-Ind-Bldg
Mai Tak Ind Bldg,221 Wai Yip Street,https://www.midlandici.com.hk/ics/property/building/details/B000021613/Mai-Tak-Ind-Bldg
Metro Centre Blk 1,32 Lam Hing Street,https://www.midlandici.com.hk/ics/property/building/details/B000007902/Metro-Centre-Blk-1
Metro Centre Blk 2,21 Lam Hing Street,https://www.midlandici.com.hk/ics/property/building/details/B000007905/Metro-Centre-Blk-2
Pacific Trade Ctr,2 Kai Hing Road,https://www.midlandici.com.hk/ics/property/building/details/B000022407/Pacific-Trade-Ctr
Po Lung Ctr,11 Wang Chiu Road,https://www.midlandici.com.hk/ics/property/building/details/B000007223/Po-Lung-Ctr
Ray Ctr,88 Hung To Road,https://www.midlandici.com.hk/ics/property/building/details/B000007045/Ray-Ctr
Ricky Ctr,36 Chong Yip Street,https://www.midlandici.com.hk/ics/property/building/details/B000007494/Ricky-Ctr
Room + Kwun Tong,338 Kwun Tong Road,https://www.midlandici.com.hk/ics/property/building/details/B000023406/Room---Kwun-Tong
Seaview Ctr,139 Hoi Bun Road,https://www.midlandici.com.hk/ics/property/building/details/B000007111/Seaview-Ctr
Shing Yip Ind Bldg,19-21 Shing Yip Street,https://www.midlandici.com.hk/ics/property/building/details/B000007495/Shing-Yip-Ind-Bldg
Shiu Fat Ind Bldg,139-141 Wai Yip Street,https://www.midlandici.com.hk/ics/property/building/details/B000007508/Shiu-Fat-Ind-Bldg
Sino Ind Plaza,9 Kai Cheung Road,https://www.midlandici.com.hk/ics/property/building/details/B000023409/Sino-Ind-Plaza
Southtex Bldg,51 Tsun Yip Street,https://www.midlandici.com.hk/ics/property/building/details/B000059712/Southtex-Bldg
Speedy Ind Bldg,114 How Ming Street,https://www.midlandici.com.hk/ics/property/building/details/B000023474/Speedy-Ind-Bldg
Sunbeam Ctr,27 Shing Yip Street,https://www.midlandici.com.hk/ics/property/building/details/B000007095/Sunbeam-Ctr
Sunshine Kowloon Bay Cargo Centre,59 Tai Yip Street,https://www.midlandici.com.hk/ics/property/building/details/B000023663/Sunshine-Kowloon-Bay-Cargo-Centre
The Icon,320-322 Kwun Tong Road,https://www.midlandici.com.hk/ics/property/building/details/B000021791/The-Icon
The Ozone,134 Wai Yip Street,https://www.midlandici.com.hk/ics/property/building/details/B000023542/The-Ozone
Tonic Ind Ctr A,26 Kai Cheung Road,https://www.midlandici.com.hk/ics/property/building/details/B000007862/Tonic-Ind-Ctr-A
Tonic Ind Ctr B,19 Lam Hing Street,https://www.midlandici.com.hk/ics/property/building/details/B000007864/Tonic-Ind-Ctr-B
Treasure Ctr,42 Hung To Road,https://www.midlandici.com.hk/ics/property/building/details/B000007500/Treasure-Ctr
Viet Shing Fty Bldg,145 Wai Yip Street,https://www.midlandici.com.hk/ics/property/building/details/B000024438/Viet-Shing-Fty-Bldg
Wah Hung Ctr,41 Hung To Road,https://www.midlandici.com.hk/ics/property/building/details/B000007105/Wah-Hung-Ctr
Wah Shing Ctr,11-13 Shing Yip Street,https://www.midlandici.com.hk/ics/property/building/details/B000007775/Wah-Shing-Ctr
Winful Ctr,30 Shing Yip Street,https://www.midlandici.com.hk/ics/property/building/details/B000007112/Winful-Ctr
Winner Fty Bldg,55 Hung To Road,https://www.midlandici.com.hk/ics/property/building/details/B000025072/Winner-Fty-Bldg
World Tech Ctr,95 How Ming Street,https://www.midlandici.com.hk/ics/property/building/details/B000007106/World-Tech-Ctr
Yau Tong Ind City A,17 Ko Fai Road,https://www.midlandici.com.hk/ics/property/building/details/B000025278/Yau-Tong-Ind-City-A
Yau Tong Ind City B,17 Ko Fai Road,https://www.midlandici.com.hk/ics/property/building/details/B000059809/Yau-Tong-Ind-City-B
88 Kwai Cheong Rd,88 Kwai Cheong Road,https://www.midlandici.com.hk/ics/property/building/details/B000059875/88-Kwai-Cheong-Rd
Amiata Industrial Building,58-64 Lei Muk Road,https://www.midlandici.com.hk/ics/property/building/details/B000018089/Amiata-Industrial-Building
Cargo Consolidation Complex,43 Container Port Road,https://www.midlandici.com.hk/ics/property/building/details/B000061958/Cargo-Consolidation-Complex
Che Wah Ind Bldg,1-7 Kin Hong Street,https://www.midlandici.com.hk/ics/property/building/details/B000018409/Che-Wah-Ind-Bldg
Ching Cheong Ind Bldg,1-7 Kwai Cheong Road,https://www.midlandici.com.hk/ics/property/building/details/B000018635/Ching-Cheong-Ind-Bldg
Ching Hing Ind Bldg,19-25 Fu Uk Road,https://www.midlandici.com.hk/ics/property/building/details/B000018639/Ching-Hing-Ind-Bldg
Chuan Kei Fty Bldg,15-23 Kin Hong Street,https://www.midlandici.com.hk/ics/property/building/details/B000018708/Chuan-Kei-Fty-Bldg
Effort Ind Bldg,2-8 Kung Yip Street,https://www.midlandici.com.hk/ics/property/building/details/B000019005/Effort-Ind-Bldg
Favor Ind Ctr,2-6 Kin Hong Street,https://www.midlandici.com.hk/ics/property/building/details/B000019108/Favor-Ind-Ctr
Fook Yip Bldg,53-57 Kwai Fung Crescent,https://www.midlandici.com.hk/ics/property/building/details/B000007119/Fook-Yip-Bldg
Global Trade Ctr,15 Wing Kin Road,https://www.midlandici.com.hk/ics/property/building/details/B000019425/Global-Trade-Ctr
Gold King Ind Bldg,35-41 Tai Lin Pai Road,https://www.midlandici.com.hk/ics/property/building/details/B000019441/Gold-King-Ind-Bldg
Gold Way Ind Ctr (a),16-20 Wing Kin Road,https://www.midlandici.com.hk/ics/property/building/details/B000019449/Gold-Way-Ind-Ctr--a-
Gold Way Ind Ctr (b),16-20 Wing Kin Road,https://www.midlandici.com.hk/ics/property/building/details/B000059562/Gold-Way-Ind-Ctr--b-
Golden Ind Bldg,16-26 Kwai Tak Street,https://www.midlandici.com.hk/ics/property/building/details/B000019467/Golden-Ind-Bldg
Goldfield Ind Bldg (2),144-150 Tai Lin Pai Road,https://www.midlandici.com.hk/ics/property/building/details/B000019481/Goldfield-Ind-Bldg--2-
Grand Ind Bldg,159-165 Wo Yi Hop Road,https://www.midlandici.com.hk/ics/property/building/details/B000019528/Grand-Ind-Bldg
Henry Ctr,131 Wo Yi Hop Road,https://www.midlandici.com.hk/ics/property/building/details/B000019796/Henry-Ctr
Hk Worsted Mills Ind Bldg,31-39 Wo Tong Tsui Street,https://www.midlandici.com.hk/ics/property/building/details/B000007353/Hk-Worsted-Mills-Ind-Bldg
Hou Feng Ind Bldg,1-5 Wing Kin Road,https://www.midlandici.com.hk/ics/property/building/details/B000020140/Hou-Feng-Ind-Bldg
Icity Tower 1,111 Ta Chuen Ping Street,https://www.midlandici.com.hk/ics/property/building/details/B000104584/Icity-Tower-1
Kam Bun Ind Bldg,13-19 Kwai Wing Road,https://www.midlandici.com.hk/ics/property/building/details/B000020449/Kam-Bun-Ind-Bldg
Kin Hing Ind Bldg,17-23 Shek Kin Street,https://www.midlandici.com.hk/ics/property/building/details/B000020676/Kin-Hing-Ind-Bldg
Kingsford Ind Bldg (1),26-32 Kwai Hei Street,https://www.midlandici.com.hk/ics/property/building/details/B000020771/Kingsford-Ind-Bldg--1-
Kingsford Ind Bldg (2),26-32 Kwai Hei Street,https://www.midlandici.com.hk/ics/property/building/details/B000059864/Kingsford-Ind-Bldg--2-
Kong Sheng Fty Bldg,75-87 Wo Yi Hop Road,https://www.midlandici.com.hk/ics/property/building/details/B000020836/Kong-Sheng-Fty-Bldg
Koon Wo Ind Bldg,63-75 Ta Chuen Ping Street,https://www.midlandici.com.hk/ics/property/building/details/B000020853/Koon-Wo-Ind-Bldg
Kwai Cheong Ctr,40-52 Kwai Cheong Road,https://www.midlandici.com.hk/ics/property/building/details/B000007030/Kwai-Cheong-Ctr
Kwai Shun Ind Ctr,51-63 Container Port Road,https://www.midlandici.com.hk/ics/property/building/details/B000007031/Kwai-Shun-Ind-Ctr
Kwai Tak Ind Ctr (1),15-33 Kwai Tak Street,https://www.midlandici.com.hk/ics/property/building/details/B000007796/Kwai-Tak-Ind-Ctr--1-
Kwai Tak Ind Ctr (2),15-33 Kwai Tak Street,https://www.midlandici.com.hk/ics/property/building/details/B000007797/Kwai-Tak-Ind-Ctr--2-
Kwai Wan Ind Bldg,2 Wing Kin Road,https://www.midlandici.com.hk/ics/property/building/details/B000020949/Kwai-Wan-Ind-Bldg
Kwai Wu Ind Bldg,85-89 Ta Chuen Ping Street,https://www.midlandici.com.hk/ics/property/building/details/B000020953/Kwai-Wu-Ind-Bldg
Lmk Development Estate,10-16 Kwai Ting Road,https://www.midlandici.com.hk/ics/property/building/details/B000021053/Lmk-Development-Estate
Mai Luen Ind Bldg,23-31 Kung Yip Street,https://www.midlandici.com.hk/ics/property/building/details/B000021607/Mai-Luen-Ind-Bldg
Mai Shun Ind Bldg,18-24 Kwai Cheong Road,https://www.midlandici.com.hk/ics/property/building/details/B000021611/Mai-Shun-Ind-Bldg
Mai Wah Ind Bldg,1-7 Wah Sing Street,https://www.midlandici.com.hk/ics/property/building/details/B000021615/Mai-Wah-Ind-Bldg
Mai Wo Ind Bldg,90-98 Kwai Cheong Road,https://www.midlandici.com.hk/ics/property/building/details/B000021616/Mai-Wo-Ind-Bldg
Man Lee Ind Bldg,13 Kin Hong Street,https://www.midlandici.com.hk/ics/property/building/details/B000021665/Man-Lee-Ind-Bldg
Man Shing Ind Bldg,307-311 Castle Peak Road,https://www.midlandici.com.hk/ics/property/building/details/B000021679/Man-Shing-Ind-Bldg
Mapletree Logistics Hub Tsing Yi,30 Tsing Yi Road,https://www.midlandici.com.hk/ics/property/building/details/B000080523/Mapletree-Logistics-Hub-Tsing-Yi
Mei Kei Ind Bldg,30-40 Wing Lap Street,https://www.midlandici.com.hk/ics/property/building/details/B000021831/Mei-Kei-Ind-Bldg
Mita Ctr,552-566 Castle Peak Road,https://www.midlandici.com.hk/ics/property/building/details/B000021936/Mita-Ctr
Park Sun Bldg,103-107 Wo Yi Hop Road,https://www.midlandici.com.hk/ics/property/building/details/B000022478/Park-Sun-Bldg
Profit Ind Bldg,1-15 Kwai Fung Crescent,https://www.midlandici.com.hk/ics/property/building/details/B000007120/Profit-Ind-Bldg
Reason Group Twr,403-413 Castle Peak Road,https://www.midlandici.com.hk/ics/property/building/details/B000079462/Reason-Group-Twr
Regent Ctr (a),63-67 Wo Yi Hop Road,https://www.midlandici.com.hk/ics/property/building/details/B000007789/Regent-Ctr--a-
Regent Ctr (b),63-67 Wo Yi Hop Road,https://www.midlandici.com.hk/ics/property/building/details/B000007790/Regent-Ctr--b-
Riley Hse,88 Lei Muk Road,https://www.midlandici.com.hk/ics/property/building/details/B000007113/Riley-Hse
Roxy Ind Ctr,58-66 Tai Lin Pai Road,https://www.midlandici.com.hk/ics/property/building/details/B000007114/Roxy-Ind-Ctr
So Tao Ctr,11-15 Kwai Sau Road,https://www.midlandici.com.hk/ics/property/building/details/B000023440/So-Tao-Ctr
Song Ling Ind Bldg,40-42 Ta Chuen Ping Street,https://www.midlandici.com.hk/ics/property/building/details/B000023446/Song-Ling-Ind-Bldg
South China Ind Bldg,1-7 Chun Pin Street,https://www.midlandici.com.hk/ics/property/building/details/B000023455/South-China-Ind-Bldg
Sun Fung Ctr,88 Kwok Shui Road,https://www.midlandici.com.hk/ics/property/building/details/B000007116/Sun-Fung-Ctr
Sung Kee Ind Bldg,18-30 Kwai Ting Road,https://www.midlandici.com.hk/ics/property/building/details/B000023631/Sung-Kee-Ind-Bldg
Sung's Tower,15-19 Lam Tin Street,https://www.midlandici.com.hk/ics/property/building/details/B000020917/Sung-s-Tower
Tai Tak Ind Bldg,2-12 Kwai Fat Road,https://www.midlandici.com.hk/ics/property/building/details/B000023780/Tai-Tak-Ind-Bldg
Tak Kee Group Bldg,30-38 Lam Tin Street,https://www.midlandici.com.hk/ics/property/building/details/B000020465/Tak-Kee-Group-Bldg
The Galaxy,313 Castle Peak Road,https://www.midlandici.com.hk/ics/property/building/details/B000077104/The-Galaxy
The Star,18 Yip Shing Street,https://www.midlandici.com.hk/ics/property/building/details/B000080612/The-Star
Trans Asia Ctr,18 Kin Hong Street,https://www.midlandici.com.hk/ics/property/building/details/B000007121/Trans-Asia-Ctr
Tsing Yi Ind Ctr Blk A (ph 1),1-33 Cheung Tat Road,https://www.midlandici.com.hk/ics/property/building/details/B000024182/Tsing-Yi-Ind-Ctr-Blk-A--ph-1-
Tsing Yi Ind Ctr Blk B (ph 1),1-33 Cheung Tat Road,https://www.midlandici.com.hk/ics/property/building/details/B000059745/Tsing-Yi-Ind-Ctr-Blk-B--ph-1-
Tsing Yi Ind Ctr Blk C (ph 2),1-33 Cheung Tat Road,https://www.midlandici.com.hk/ics/property/building/details/B000059746/Tsing-Yi-Ind-Ctr-Blk-C--ph-2-
Tsing Yi Ind Ctr Blk D (ph 2),1-33 Cheung Tat Road,https://www.midlandici.com.hk/ics/property/building/details/B000059747/Tsing-Yi-Ind-Ctr-Blk-D--ph-2-
Tsing Yi Ind Ctr Blk E (ph 2),1-33 Cheung Tat Road,https://www.midlandici.com.hk/ics/property/building/details/B000059748/Tsing-Yi-Ind-Ctr-Blk-E--ph-2-
Tung Chun Ind Bldg (a),9-11 Cheung Wing Road,https://www.midlandici.com.hk/ics/property/building/details/B000024263/Tung-Chun-Ind-Bldg--a-
Tung Chun Ind Bldg (b),11-13 Tai Yuen Street,https://www.midlandici.com.hk/ics/property/building/details/B000059548/Tung-Chun-Ind-Bldg--b-
Tung Luen Ind Bldg,319-325 Castle Peak Road,https://www.midlandici.com.hk/ics/property/building/details/B000024293/Tung-Luen-Ind-Bldg
Tung Tak Centre,25-27 Lam Tin Street,https://www.midlandici.com.hk/ics/property/building/details/B000019965/Tung-Tak-Centre
Valid Industrial Centre,13 Wing Kei Road,https://www.midlandici.com.hk/ics/property/building/details/B000024398/Valid-Industrial-Centre
Vanta Ind Ctr,21-33 Tai Lin Pai Road,https://www.midlandici.com.hk/ics/property/building/details/B000007117/Vanta-Ind-Ctr
Venus Ind Bldg,45-51 Tai Lin Pai Road,https://www.midlandici.com.hk/ics/property/building/details/B000024415/Venus-Ind-Bldg
Vigor Ind Bldg (1),49-53 Ta Chuen Ping Street,https://www.midlandici.com.hk/ics/property/building/details/B000024444/Vigor-Ind-Bldg--1-
Vigor Ind Bldg (2),49-53 Ta Chuen Ping Street,https://www.midlandici.com.hk/ics/property/building/details/B000067517/Vigor-Ind-Bldg--2-
Vigor Ind Bldg (a),14-20 Cheung Tat Road,https://www.midlandici.com.hk/ics/property/building/details/B000024443/Vigor-Ind-Bldg--a-
Vigor Ind Bldg (b),14-20 Cheung Tat Road,https://www.midlandici.com.hk/ics/property/building/details/B000059749/Vigor-Ind-Bldg--b-
Waford Ind Bldg,9-11 Kwai Lok Street,https://www.midlandici.com.hk/ics/property/building/details/B000024526/Waford-Ind-Bldg
Wah Fat Ind Bldg,10-14 Kung Yip Street,https://www.midlandici.com.hk/ics/property/building/details/B000024546/Wah-Fat-Ind-Bldg
Wah Sing Ind Bldg,12-14 Wah Sing Street,https://www.midlandici.com.hk/ics/property/building/details/B000024617/Wah-Sing-Ind-Bldg
Well Fung Ind Ctr,58-76 Ta Chuen Ping Street,https://www.midlandici.com.hk/ics/property/building/details/B000007118/Well-Fung-Ind-Ctr
Wing Cheung Ind Bldg,58-70 Kwai Cheong Road,https://www.midlandici.com.hk/ics/property/building/details/B000059873/Wing-Cheung-Ind-Bldg
Wing Hang Ind Bldg,13-29 Kwai Hei Street,https://www.midlandici.com.hk/ics/property/building/details/B000024934/Wing-Hang-Ind-Bldg
Wing Kin Ind Bldg,4-6 Wing Kin Road,https://www.midlandici.com.hk/ics/property/building/details/B000024953/Wing-Kin-Ind-Bldg
Wing Loi Ind Bldg,8-14 Wing Lap Street,https://www.midlandici.com.hk/ics/property/building/details/B000024971/Wing-Loi-Ind-Bldg
Wyler Ctr (1),202-210 Tai Lin Pai Road,https://www.midlandici.com.hk/ics/property/building/details/B000007783/Wyler-Ctr--1-
Wyler Ctr (2),192-200 Tai Lin Pai Road,https://www.midlandici.com.hk/ics/property/building/details/B000007784/Wyler-Ctr--2-
Yam Hop Hing Ind Bldg,40-44 Kwai Wing Road,https://www.midlandici.com.hk/ics/property/building/details/B000025205/Yam-Hop-Hing-Ind-Bldg
100 Texaco Road,100 Texaco Road,https://www.midlandici.com.hk/ics/property/building/details/B000058148/100-Texaco-Road
Adp Pentagon Ctr,98 Texaco Road,https://www.midlandici.com.hk/ics/property/building/details/B000059732/Adp-Pentagon-Ctr
Allied Cargo Ctr,150-160 Texaco Road,https://www.midlandici.com.hk/ics/property/building/details/B000018080/Allied-Cargo-Ctr
Bonsun Ind Bldg,364-366 Sha Tsui Road,https://www.midlandici.com.hk/ics/property/building/details/B000018240/Bonsun-Ind-Bldg
Cable Tv Tower,9 Hoi Shing Road,https://www.midlandici.com.hk/ics/property/building/details/B000007092/Cable-Tv-Tower
Cameron Sino Technology Centre,73 Chai Wan Kok Street,https://www.midlandici.com.hk/ics/property/building/details/B000093831/Cameron-Sino-Technology-Centre
Cheong Tai Ind Bldg,50-56 Fui Yiu Kok Street,https://www.midlandici.com.hk/ics/property/building/details/B000018462/Cheong-Tai-Ind-Bldg
Cheung Fung Ind Bldg,23-29 Pak Tin Par Street,https://www.midlandici.com.hk/ics/property/building/details/B000007250/Cheung-Fung-Ind-Bldg
Cheung Hing Shing Ctr,23 Sha Tsui Road,https://www.midlandici.com.hk/ics/property/building/details/B000054357/Cheung-Hing-Shing-Ctr
Dan6,6 Fui Yiu Kok Street,https://www.midlandici.com.hk/ics/property/building/details/B000077806/Dan6
Ew International Tower,120-124 Texaco Road,https://www.midlandici.com.hk/ics/property/building/details/B000007252/Ew-International-Tower
Glee Ind Bldg,77-81 Chai Wan Kok Street,https://www.midlandici.com.hk/ics/property/building/details/B000019422/Glee-Ind-Bldg
Golden Bear Ind Ctr,66-82 Chai Wan Kok Street,https://www.midlandici.com.hk/ics/property/building/details/B000007254/Golden-Bear-Ind-Ctr
Goodman Dynamic Ctr,188 Yeung Uk Road,https://www.midlandici.com.hk/ics/property/building/details/B000007251/Goodman-Dynamic-Ctr
Goodman Global Gateway,168 Yeung Uk Road,https://www.midlandici.com.hk/ics/property/building/details/B000050720/Goodman-Global-Gateway
Goodwill Ind Bldg,36-44 Pak Tin Par Street,https://www.midlandici.com.hk/ics/property/building/details/B000019510/Goodwill-Ind-Bldg
Hi-tech Ind Ctr (a),5-21 Pak Tin Par Street,https://www.midlandici.com.hk/ics/property/building/details/B000007947/Hi-tech-Ind-Ctr--a-
Hi-tech Ind Ctr (b),491-501 Castle Peak Road,https://www.midlandici.com.hk/ics/property/building/details/B000007949/Hi-tech-Ind-Ctr--b-
Ho Lik Ctr,64-66 Sha Tsui Road,https://www.midlandici.com.hk/ics/property/building/details/B000007255/Ho-Lik-Ctr
International Trade Ctr,11-19 Sha Tsui Road,https://www.midlandici.com.hk/ics/property/building/details/B000007256/International-Trade-Ctr
King Palace Plaza,52a Sha Tsui Road,https://www.midlandici.com.hk/ics/property/building/details/B000059721/King-Palace-Plaza
Kong Nam Ind Bldg (a),603-609 Castle Peak Road,https://www.midlandici.com.hk/ics/property/building/details/B000007938/Kong-Nam-Ind-Bldg--a-
Kong Nam Ind Bldg (b),603-609 Castle Peak Road,https://www.midlandici.com.hk/ics/property/building/details/B000007940/Kong-Nam-Ind-Bldg--b-
Leader Ind Ctr (1),188-202 Texaco Road,https://www.midlandici.com.hk/ics/property/building/details/B000007941/Leader-Ind-Ctr--1-
Leader Ind Ctr (2),188-202 Texaco Road,https://www.midlandici.com.hk/ics/property/building/details/B000007943/Leader-Ind-Ctr--2-
Lucida Ind Bldg,43-47 Wang Lung Street,https://www.midlandici.com.hk/ics/property/building/details/B000007248/Lucida-Ind-Bldg
Lung Wah International Godown,72-76 Wang Lung Street,https://www.midlandici.com.hk/ics/property/building/details/B000021568/Lung-Wah-International-Godown
Mega Trade Ctr,1 Mei Wan Street,https://www.midlandici.com.hk/ics/property/building/details/B000007249/Mega-Trade-Ctr
Million Fortune Ind Ctr,34-36 Chai Wan Kok Street,https://www.midlandici.com.hk/ics/property/building/details/B000007944/Million-Fortune-Ind-Ctr
One Midtown,11 Hoi Shing Road,https://www.midlandici.com.hk/ics/property/building/details/B000073300/One-Midtown
Shandah Bldg,682-6 Castle Peak Road,https://www.midlandici.com.hk/ics/property/building/details/B000023109/Shandah-Bldg
Southeast Ind Bldg,611-619 Castle Peak Road,https://www.midlandici.com.hk/ics/property/building/details/B000007089/Southeast-Ind-Bldg
Storefriendly Tower (metroplis West),22-28 Tai Chung Road,https://www.midlandici.com.hk/ics/property/building/details/B000019616/Storefriendly-Tower--metroplis-West-
Sunwise Ind Bldg,16-26 Wang Wo Tsai Street,https://www.midlandici.com.hk/ics/property/building/details/B000023668/Sunwise-Ind-Bldg
Superluck Ind Ctr (1),45-53 Sha Tsui Road,https://www.midlandici.com.hk/ics/property/building/details/B000059725/Superluck-Ind-Ctr--1-
Superluck Ind Ctr (2),57 Sha Tsui Road,https://www.midlandici.com.hk/ics/property/building/details/B000023671/Superluck-Ind-Ctr--2-
Tcl Tower,8 Tai Chung Road,https://www.midlandici.com.hk/ics/property/building/details/B000059730/Tcl-Tower
Texaco Rd Ind Ctr (a),256-264 Texaco Road,https://www.midlandici.com.hk/ics/property/building/details/B000023958/Texaco-Rd-Ind-Ctr--a-
Texaco Rd Ind Ctr (b),14-22 Wang Lung Street,https://www.midlandici.com.hk/ics/property/building/details/B000059741/Texaco-Rd-Ind-Ctr--b-
Thriving Ind Ctr,26-38 Sha Tsui Road,https://www.midlandici.com.hk/ics/property/building/details/B000007491/Thriving-Ind-Ctr
Tml Tower,3 Hoi Shing Road,https://www.midlandici.com.hk/ics/property/building/details/B000077793/Tml-Tower
Tsuen Tung Fty Bldg,38-40 Chai Wan Kok Street,https://www.midlandici.com.hk/ics/property/building/details/B000024196/Tsuen-Tung-Fty-Bldg
Tsuen Wan Ind Bldg,59-71 Wang Lung Street,https://www.midlandici.com.hk/ics/property/building/details/B000024201/Tsuen-Wan-Ind-Bldg
W Mega Tower 1,252 Texaco Road,https://www.midlandici.com.hk/ics/property/building/details/B000108951/W-Mega-Tower-1
Wang Cheong Enterprises Centre,65-69 Chai Wan Kok Street,https://www.midlandici.com.hk/ics/property/building/details/B000059698/Wang-Cheong-Enterprises-Centre
Wang Lung Ind Bldg,48-56 Wang Lung Street,https://www.midlandici.com.hk/ics/property/building/details/B000007527/Wang-Lung-Ind-Bldg
Wing Hing Ind Bldg (tw),83-93 Chai Wan Kok Street,https://www.midlandici.com.hk/ics/property/building/details/B000024939/Wing-Hing-Ind-Bldg--tw-
Young Ya Ind Bldg,381-389 Sha Tsui Road,https://www.midlandici.com.hk/ics/property/building/details/B000025473/Young-Ya-Ind-Bldg
Goodman Tuen Mun Distribution Ctr Blk1,3a Hung Cheung Road,https://www.midlandici.com.hk/ics/property/building/details/B000019213/Goodman-Tuen-Mun-Distribution-Ctr-Blk1
Goodman Tuen Mun Distribution Ctr Blk2,3a. Hung Cheung Road,https://www.midlandici.com.hk/ics/property/building/details/B000069877/Goodman-Tuen-Mun-Distribution-Ctr-Blk2
Goodman Western Plaza,2 Tin Hau Road,https://www.midlandici.com.hk/ics/property/building/details/B000059652/Goodman-Western-Plaza
Kwong Kin Trade Ctr,5 Kin Fat Street,https://www.midlandici.com.hk/ics/property/building/details/B000021001/Kwong-Kin-Trade-Ctr
My Loft,9 Hoi Wing Road,https://www.midlandici.com.hk/ics/property/building/details/B000022006/My-Loft
Nan Fung Ind City (1),18 Tin Hau Road,https://www.midlandici.com.hk/ics/property/building/details/B000022051/Nan-Fung-Ind-City--1-
Nan Fung Ind City (2),18 Tin Hau Road,https://www.midlandici.com.hk/ics/property/building/details/B000059622/Nan-Fung-Ind-City--2-
Nan Fung Ind City (3),18 Tin Hau Road,https://www.midlandici.com.hk/ics/property/building/details/B000059623/Nan-Fung-Ind-City--3-
Nan Fung Ind City (4),18 Tin Hau Road,https://www.midlandici.com.hk/ics/property/building/details/B000059624/Nan-Fung-Ind-City--4-
Nan Fung Ind City (5),18 Tin Hau Road,https://www.midlandici.com.hk/ics/property/building/details/B000059625/Nan-Fung-Ind-City--5-
Nan Fung Ind City (central),18 Tin Hau Road,https://www.midlandici.com.hk/ics/property/building/details/B000018364/Nan-Fung-Ind-City--central-
Tai Hing Industrial Building,3 Tsing Yeung Circuit,https://www.midlandici.com.hk/ics/property/building/details/B000023725/Tai-Hing-Industrial-Building
Tak Lee Ind Ctr (a),8 Tsing Yeung Circuit,https://www.midlandici.com.hk/ics/property/building/details/B000023847/Tak-Lee-Ind-Ctr--a-
Tak Lee Ind Ctr (b),8 Tsing Yeung Circuit,https://www.midlandici.com.hk/ics/property/building/details/B000059654/Tak-Lee-Ind-Ctr--b-
Yick Fung Group Building,1 Kin Fat Lane,https://www.midlandici.com.hk/ics/property/building/details/B000018069/Yick-Fung-Group-Building
China Resources Log. S.s. Warehouse,2 San Po Street,https://www.midlandici.com.hk/ics/property/building/details/B000059816/China-Resources-Log.-S.s.-Warehouse
Hi-speed Centre 1,18 On Chuen Street,https://www.midlandici.com.hk/ics/property/building/details/B000095107/Hi-speed-Centre-1
Hi-tech Ctr,9 Choi Yuen Road,https://www.midlandici.com.hk/ics/property/building/details/B000059754/Hi-tech-Ctr
Jumbo Plaza,6 Choi Fai Street,https://www.midlandici.com.hk/ics/property/building/details/B000059462/Jumbo-Plaza
Tai Ping Ind Ctr (1),57 Ting Kok Road,https://www.midlandici.com.hk/ics/property/building/details/B000023760/Tai-Ping-Ind-Ctr--1-
Tai Ping Ind Ctr (2),55 Ting Kok Road,https://www.midlandici.com.hk/ics/property/building/details/B000059686/Tai-Ping-Ind-Ctr--2-
Tai Ping Ind Ctr (3),53 Ting Kok Road,https://www.midlandici.com.hk/ics/property/building/details/B000059687/Tai-Ping-Ind-Ctr--3-
Tai Ping Ind Ctr (4),51a Ting Kok Road,https://www.midlandici.com.hk/ics/property/building/details/B000059688/Tai-Ping-Ind-Ctr--4-
Tai Ping Ind Park (a),51 Ting Kok Road,https://www.midlandici.com.hk/ics/property/building/details/B000023761/Tai-Ping-Ind-Park--a-
Tai Ping Ind Park (b),51 Ting Kok Road,https://www.midlandici.com.hk/ics/property/building/details/B000059689/Tai-Ping-Ind-Park--b-
Century Industrial Centre,33-35 Au Pui Wan Street,https://www.midlandici.com.hk/ics/property/building/details/B000018375/Century-Industrial-Centre
China Resources Shatin Warehouse,36-42 Shan Mei Street,https://www.midlandici.com.hk/ics/property/building/details/B000020637/China-Resources-Shatin-Warehouse
Corporation Park,11 On Lai Street,https://www.midlandici.com.hk/ics/property/building/details/B000020502/Corporation-Park
Ever Gain Ctr,28 On Muk Street,https://www.midlandici.com.hk/ics/property/building/details/B000019055/Ever-Gain-Ctr
Evergain Bldg (no.3),22 On Sum Street,https://www.midlandici.com.hk/ics/property/building/details/B000066961/Evergain-Bldg--no.3-
Fo Tan Ind Ctr,26-28 Au Pui Wan Street,https://www.midlandici.com.hk/ics/property/building/details/B000019132/Fo-Tan-Ind-Ctr
Fonda Ind Bldg,37-39 Au Pui Wan Street,https://www.midlandici.com.hk/ics/property/building/details/B000019138/Fonda-Ind-Bldg
Fu Cheung Ctr,5-7 Wong Chuk Yeung Street,https://www.midlandici.com.hk/ics/property/building/details/B000019225/Fu-Cheung-Ctr
Goldfield Ind Ctr,1 Sui Wo Road,https://www.midlandici.com.hk/ics/property/building/details/B000019482/Goldfield-Ind-Ctr
Goodman Shatin Logistics Centre 1,6 Wong Chuk Yeung Street,https://www.midlandici.com.hk/ics/property/building/details/B000066957/Goodman-Shatin-Logistics-Centre-1
Goodman Shatin Logistics Centre 2,6 Wong Chuk Yeung Street,https://www.midlandici.com.hk/ics/property/building/details/B000059547/Goodman-Shatin-Logistics-Centre-2
Grandtech Ctr,8 On Ping Street,https://www.midlandici.com.hk/ics/property/building/details/B000052951/Grandtech-Ctr
Haribest Ind Bldg,45-47 Au Pui Wan Street,https://www.midlandici.com.hk/ics/property/building/details/B000019716/Haribest-Ind-Bldg
Harry Ind Bldg,49-51 Au Pui Wan Street,https://www.midlandici.com.hk/ics/property/building/details/B000019723/Harry-Ind-Bldg
Kin Ho Ind Bldg Blk 1,14-24 Au Pui Wan Street,https://www.midlandici.com.hk/ics/property/building/details/B000020783/Kin-Ho-Ind-Bldg-Blk-1
Kin Ho Ind Bldg Blk 2,14-24 Au Pui Wan Street,https://www.midlandici.com.hk/ics/property/building/details/B000059762/Kin-Ho-Ind-Bldg-Blk-2
New Commerce Ctr,19 On Sum Street,https://www.midlandici.com.hk/ics/property/building/details/B000022081/New-Commerce-Ctr
New Trade Plaza Blk A,6 On Ping Street,https://www.midlandici.com.hk/ics/property/building/details/B000022101/New-Trade-Plaza-Blk-A
New Trade Plaza Blk B,6 On Ping Street,https://www.midlandici.com.hk/ics/property/building/details/B000022313/New-Trade-Plaza-Blk-B
On Ho Ind Bldg,17-19 Shing Wan Road,https://www.midlandici.com.hk/ics/property/building/details/B000022279/On-Ho-Ind-Bldg
Power Ind Bldg,9-15 Wo Heung Street,https://www.midlandici.com.hk/ics/property/building/details/B000059786/Power-Ind-Bldg
Sha Tin Ind Bldg,22-28 Wo Shui Street,https://www.midlandici.com.hk/ics/property/building/details/B000023097/Sha-Tin-Ind-Bldg
Sha Tin Ind Ctr (a),5-7 Yuen Shun Circuit,https://www.midlandici.com.hk/ics/property/building/details/B000023098/Sha-Tin-Ind-Ctr--a-
Sha Tin Ind Ctr (b),5-7 Yuen Shun Circuit,https://www.midlandici.com.hk/ics/property/building/details/B000059551/Sha-Tin-Ind-Ctr--b-
Sunking Fty Bldg,1-7 Shing Chuen Road,https://www.midlandici.com.hk/ics/property/building/details/B000023646/Sunking-Fty-Bldg
Technology Park,18 On Lai Street,https://www.midlandici.com.hk/ics/property/building/details/B000023948/Technology-Park
Topsail Plaza,11 On Sum Street,https://www.midlandici.com.hk/ics/property/building/details/B000024134/Topsail-Plaza
Transport City Bldg,1-7 Shing Wan Road,https://www.midlandici.com.hk/ics/property/building/details/B000024142/Transport-City-Bldg
Unison Ind Ctr,27-31 Au Pui Wan Street,https://www.midlandici.com.hk/ics/property/building/details/B000024373/Unison-Ind-Ctr
Universal Ind Ctr,19-25 Shan Mei Street,https://www.midlandici.com.hk/ics/property/building/details/B000024385/Universal-Ind-Ctr
Valiant Ind Ctr,2-12 Au Pui Wan Street,https://www.midlandici.com.hk/ics/property/building/details/B000024397/Valiant-Ind-Ctr
Wah Lai Ind Ctr,10-14 Kwei Tei Street,https://www.midlandici.com.hk/ics/property/building/details/B000024581/Wah-Lai-Ind-Ctr
Wah Lok Ind Ctr (a),37-41 Shan Mei Street,https://www.midlandici.com.hk/ics/property/building/details/B000024588/Wah-Lok-Ind-Ctr--a-
Wah Lok Ind Ctr (b),37-41 Shan Mei Street,https://www.midlandici.com.hk/ics/property/building/details/B000059770/Wah-Lok-Ind-Ctr--b-
Wah Lok Ind Ctr (c),31-35 Shan Mei Street,https://www.midlandici.com.hk/ics/property/building/details/B000059771/Wah-Lok-Ind-Ctr--c-
Wah Lok Ind Ctr (d),31-35 Shan Mei Street,https://www.midlandici.com.hk/ics/property/building/details/B000059772/Wah-Lok-Ind-Ctr--d-
Wah Lok Ind Ctr (e),31-35 Shan Mei Street,https://www.midlandici.com.hk/ics/property/building/details/B000059773/Wah-Lok-Ind-Ctr--e-
Wah Lok Ind Ctr (f),31-41 Shan Mei Street,https://www.midlandici.com.hk/ics/property/building/details/B000059774/Wah-Lok-Ind-Ctr--f-
Wah Wai Ctr,38-42 Au Pui Wan Street,https://www.midlandici.com.hk/ics/property/building/details/B000024631/Wah-Wai-Ctr
Wah Yiu Ind Ctr,30-32 Au Pui Wan Street,https://www.midlandici.com.hk/ics/property/building/details/B000024645/Wah-Yiu-Ind-Ctr
World-wide Ind Ctr,43-47 Shan Mei Street,https://www.midlandici.com.hk/ics/property/building/details/B000025174/World-wide-Ind-Ctr
Yan Hing Ctr,9-13 Wong Chuk Yeung Street,https://www.midlandici.com.hk/ics/property/building/details/B000025214/Yan-Hing-Ctr
Cainiao Smart Gateway,,https://www.midlandici.com.hk/ics/property/building/details/B000124940/Cainiao-Smart-Gateway
1 Duddell Street,1 Duddell Street,https://www.midlandici.com.hk/ics/property/building/details/B000018422/1-Duddell-Street
10-12 Pottinger Street,10-12 Pottinger Street,https://www.midlandici.com.hk/ics/property/building/details/B000018407/10-12-Pottinger-Street
100 Queen's Road Central,100 Queen's Road Central,https://www.midlandici.com.hk/ics/property/building/details/B000063697/100-Queen-s-Road-Central
128 Wellington Street,128 Wellington Street,https://www.midlandici.com.hk/ics/property/building/details/B000060541/128-Wellington-Street
181 Queen's Road Central,181 Queen's Road Central,https://www.midlandici.com.hk/ics/property/building/details/B000063699/181-Queen-s-Road-Central
33 Des Voeux Road Central,33 Des Voeux Road Central,https://www.midlandici.com.hk/ics/property/building/details/B000007683/33-Des-Voeux-Road-Central
6 Wilmer Street,6 Wilmer Street,https://www.midlandici.com.hk/ics/property/building/details/B000008325/6-Wilmer-Street
8 Lyndhurst Terrace,8 Lyndhurst Terrace,https://www.midlandici.com.hk/ics/property/building/details/B000006989/8-Lyndhurst-Terrace
8 Queen's Road Central,8 Queen's Road Central,https://www.midlandici.com.hk/ics/property/building/details/B000006982/8-Queen-s-Road-Central
9 Des Voeux Road West,9 Des Voeux Road West,https://www.midlandici.com.hk/ics/property/building/details/B000020721/9-Des-Voeux-Road-West
9 Queen's Road Central,9 Queen's Road Central,https://www.midlandici.com.hk/ics/property/building/details/B000007653/9-Queen-s-Road-Central
Admiralty Centre Tower I,18 Harcourt Road,https://www.midlandici.com.hk/ics/property/building/details/B000018055/Admiralty-Centre-Tower-I
Admiralty Centre Tower Ii,18 Harcourt Road,https://www.midlandici.com.hk/ics/property/building/details/B000063488/Admiralty-Centre-Tower-Ii
Bangkok Bank Building.,28 Des Voeux Road Central,https://www.midlandici.com.hk/ics/property/building/details/B000007657/Bangkok-Bank-Building.
Bank Of America Tower,12 Harcourt Road,https://www.midlandici.com.hk/ics/property/building/details/B000007648/Bank-Of-America-Tower
Bupa Centre,141 Connaught Road West,https://www.midlandici.com.hk/ics/property/building/details/B000018273/Bupa-Centre
C.m.a. Building,64-66 Connaught Road Central,https://www.midlandici.com.hk/ics/property/building/details/B000018634/C.m.a.-Building
Central Building,3 Pedder Street,https://www.midlandici.com.hk/ics/property/building/details/B000018361/Central-Building
Central Tower,28 Queen's Road Central,https://www.midlandici.com.hk/ics/property/building/details/B000018367/Central-Tower
Cheung Kong Center Ii,10 Harcourt Road,https://www.midlandici.com.hk/ics/property/building/details/B000112476/Cheung-Kong-Center-Ii
China Insurance Group Building,141 Des Voeux Road Central,https://www.midlandici.com.hk/ics/property/building/details/B000007664/China-Insurance-Group-Building
China Merchants Plaza,153 Connaught Road Central,https://www.midlandici.com.hk/ics/property/building/details/B000122674/China-Merchants-Plaza
Chung Nam House,59 Des Voeux Road Central,https://www.midlandici.com.hk/ics/property/building/details/B000054917/Chung-Nam-House
Cosco Tower,183 Queen's Road Central,https://www.midlandici.com.hk/ics/property/building/details/B000062640/Cosco-Tower
Fairmont House,8 Cotton Tree Drive,https://www.midlandici.com.hk/ics/property/building/details/B000007649/Fairmont-House
Far East Consortium Building,113-125a Des Voeux Road Central,https://www.midlandici.com.hk/ics/property/building/details/B000007672/Far-East-Consortium-Building
Far East Finance Centre,16 Harcourt Road,https://www.midlandici.com.hk/ics/property/building/details/B000007650/Far-East-Finance-Centre
Finance Building,254 Des Voeux Road Central,https://www.midlandici.com.hk/ics/property/building/details/B000019121/Finance-Building
Hong Kong Plaza,188 Connaught Road West,https://www.midlandici.com.hk/ics/property/building/details/B000020056/Hong-Kong-Plaza
L L Tower,2-4 Shelley Street,https://www.midlandici.com.hk/ics/property/building/details/B000089563/L-L-Tower
Lippo Centre - Tower 1,89 Queensway,https://www.midlandici.com.hk/ics/property/building/details/B000021344/Lippo-Centre---Tower-1
Lippo Centre - Tower 2,89 Queensway,https://www.midlandici.com.hk/ics/property/building/details/B000022537/Lippo-Centre---Tower-2
Lyndhurst Tower,1 Lyndhurst Terrace,https://www.midlandici.com.hk/ics/property/building/details/B000054688/Lyndhurst-Tower
Man Hing Commercial Building,79-83 Queen's Road Central,https://www.midlandici.com.hk/ics/property/building/details/B000007676/Man-Hing-Commercial-Building
Nam Wo Hong Building,No.148 Wing Lok Street,https://www.midlandici.com.hk/ics/property/building/details/B000022040/Nam-Wo-Hong-Building
Nexxus Building,77 Des Voeux Road Central,https://www.midlandici.com.hk/ics/property/building/details/B000084322/Nexxus-Building
One International Finance Centre,1 Harbour View Road,https://www.midlandici.com.hk/ics/property/building/details/B000063825/One-International-Finance-Centre
One Pacific Place,88 Queensway,https://www.midlandici.com.hk/ics/property/building/details/B000022405/One-Pacific-Place
Qualipak Tower,122 Connaught Road West,https://www.midlandici.com.hk/ics/property/building/details/B000022787/Qualipak-Tower
Shun Tak Centre (west Tower),168-200 Connaught Road Central,https://www.midlandici.com.hk/ics/property/building/details/B000054008/Shun-Tak-Centre--west-Tower-
Shun Tak Centre-china Merchants Tower,168-200 Connaught Road Central,https://www.midlandici.com.hk/ics/property/building/details/B000023308/Shun-Tak-Centre-china-Merchants-Tower
Silver Fortune Plaza,1 Wellington Street,https://www.midlandici.com.hk/ics/property/building/details/B000023353/Silver-Fortune-Plaza
Singga Commercial Centre,144-151 Connaught Road West,https://www.midlandici.com.hk/ics/property/building/details/B000023407/Singga-Commercial-Centre
The Center,99 Queen's Road Central,https://www.midlandici.com.hk/ics/property/building/details/B000023965/The-Center
The Henderson,2 Murray Road,https://www.midlandici.com.hk/ics/property/building/details/B000112477/The-Henderson
Tung Hip Commercial Building,244 Des Voeux Road Central,https://www.midlandici.com.hk/ics/property/building/details/B000024275/Tung-Hip-Commercial-Building
Two International Finance Centre,8 Finance Street,https://www.midlandici.com.hk/ics/property/building/details/B000058939/Two-International-Finance-Centre
Two Pacific Place,88 Queensway,https://www.midlandici.com.hk/ics/property/building/details/B000054569/Two-Pacific-Place
United Centre,95 Queensway,https://www.midlandici.com.hk/ics/property/building/details/B000007651/United-Centre
Universal Trade Centre,3 Arbuthnot Road,https://www.midlandici.com.hk/ics/property/building/details/B000007685/Universal-Trade-Centre
Woho,119 Jervois Street,https://www.midlandici.com.hk/ics/property/building/details/B000115397/Woho
World-wide House,19 Des Voeux Road Central,https://www.midlandici.com.hk/ics/property/building/details/B000025173/World-wide-House
Wyndham Place,44 Wyndham Street,https://www.midlandici.com.hk/ics/property/building/details/B000025191/Wyndham-Place
Yardley Commercial Building,3 Connaught Road West,https://www.midlandici.com.hk/ics/property/building/details/B000008409/Yardley-Commercial-Building
Yat Chau Building,262 Des Voeux Road Central,https://www.midlandici.com.hk/ics/property/building/details/B000025239/Yat-Chau-Building
148 Electric Road,148 Electric Road,https://www.midlandici.com.hk/ics/property/building/details/B000041931/148-Electric-Road
228 Electric Road,228 Electric Road,https://www.midlandici.com.hk/ics/property/building/details/B000112287/228-Electric-Road
383 King's Road,383-385 King's Road,https://www.midlandici.com.hk/ics/property/building/details/B000113140/383-King-s-Road
39 King's Road,39 King's Road,https://www.midlandici.com.hk/ics/property/building/details/B000113453/39-King-s-Road
88 Hing Fat Street,88 Hing Fat Street,https://www.midlandici.com.hk/ics/property/building/details/B000059844/88-Hing-Fat-Street
A I A Tower,183 Electric Road,https://www.midlandici.com.hk/ics/property/building/details/B000059840/A-I-A-Tower
A.t. Tower,180 Electric Road,https://www.midlandici.com.hk/ics/property/building/details/B000054003/A.t.-Tower
Bank Tower,351-353 King's Road,https://www.midlandici.com.hk/ics/property/building/details/B000007480/Bank-Tower
Carnival Commercial Building,18 Java Road,https://www.midlandici.com.hk/ics/property/building/details/B000007701/Carnival-Commercial-Building
China Harbour Building,370-374 King's Road,https://www.midlandici.com.hk/ics/property/building/details/B000007477/China-Harbour-Building
China United Centre,28 Marble Road,https://www.midlandici.com.hk/ics/property/building/details/B000053077/China-United-Centre
Citicorp Centre,18 Whitfield Road,https://www.midlandici.com.hk/ics/property/building/details/B000054050/Citicorp-Centre
Concord Commercial Building,157 King's Road,https://www.midlandici.com.hk/ics/property/building/details/B000007416/Concord-Commercial-Building
Corn Yan Centre,3 Jupiter Street,https://www.midlandici.com.hk/ics/property/building/details/B000018879/Corn-Yan-Centre
E-trade Plaza,24 Lee Chung Street,https://www.midlandici.com.hk/ics/property/building/details/B000074219/E-trade-Plaza
Greenwich Centre,260 King's Road,https://www.midlandici.com.hk/ics/property/building/details/B000020293/Greenwich-Centre
Hang Seng North Point Building,335-341 King's Road,https://www.midlandici.com.hk/ics/property/building/details/B000007479/Hang-Seng-North-Point-Building
Haven Commercial Building,6-8 Tsing Fung Street,https://www.midlandici.com.hk/ics/property/building/details/B000007015/Haven-Commercial-Building
Henan Electric Development Building,389 King's Road,https://www.midlandici.com.hk/ics/property/building/details/B000019772/Henan-Electric-Development-Building
Hong Kong Li-ning Building,218 Electric Road,https://www.midlandici.com.hk/ics/property/building/details/B000090984/Hong-Kong-Li-ning-Building
Island Place Tower,510 King's Road,https://www.midlandici.com.hk/ics/property/building/details/B000020264/Island-Place-Tower
Java Commercial Centre,124-132 Java Road,https://www.midlandici.com.hk/ics/property/building/details/B000007018/Java-Commercial-Centre
Java Road 108 Commercial Centre,108 Java Road,https://www.midlandici.com.hk/ics/property/building/details/B000059846/Java-Road-108-Commercial-Centre
Jupiter Tower,9 Jupiter Street,https://www.midlandici.com.hk/ics/property/building/details/B000020349/Jupiter-Tower
K. Wah Centre,191 Java Road,https://www.midlandici.com.hk/ics/property/building/details/B000007017/K.-Wah-Centre
King's Commercial Centre,25 King's Road,https://www.midlandici.com.hk/ics/property/building/details/B000054308/King-s-Commercial-Centre
Kingsfield Centre,18 Shell Street,https://www.midlandici.com.hk/ics/property/building/details/B000054309/Kingsfield-Centre
Kp Tower,93-95 King's Road,https://www.midlandici.com.hk/ics/property/building/details/B000080453/Kp-Tower
Kwai Hung Holdings Centre,89 King's Road,https://www.midlandici.com.hk/ics/property/building/details/B000007413/Kwai-Hung-Holdings-Centre
Loong Wan Building,8 North Point Road,https://www.midlandici.com.hk/ics/property/building/details/B000059865/Loong-Wan-Building
Max Share Centre,367-373 King's Road,https://www.midlandici.com.hk/ics/property/building/details/B000007481/Max-Share-Centre
Morecrown Commercial Building,108 Electric Road,https://www.midlandici.com.hk/ics/property/building/details/B000059842/Morecrown-Commercial-Building
North Cape Commercial Building,388 King's Road,https://www.midlandici.com.hk/ics/property/building/details/B000007478/North-Cape-Commercial-Building
North Point Asia-pac Commercial Centre,10 North Point Road,https://www.midlandici.com.hk/ics/property/building/details/B000022207/North-Point-Asia-pac-Commercial-Centre
Olympia Plaza,255 King's Road,https://www.midlandici.com.hk/ics/property/building/details/B000022258/Olympia-Plaza
Park Commercial Centre,180 Tung Lo Wan Road,https://www.midlandici.com.hk/ics/property/building/details/B000059839/Park-Commercial-Centre
Parkview Centre,7 Lau Li Street,https://www.midlandici.com.hk/ics/property/building/details/B000022495/Parkview-Centre
Seabright Plaza,9-23 Shell Street,https://www.midlandici.com.hk/ics/property/building/details/B000023060/Seabright-Plaza
Sup Tower,75-83 King's Road,https://www.midlandici.com.hk/ics/property/building/details/B000022938/Sup-Tower
Supreme Commercial Building,368 King's Road,https://www.midlandici.com.hk/ics/property/building/details/B000008322/Supreme-Commercial-Building
Two Chinachem Exchange Square,338 King's Road,https://www.midlandici.com.hk/ics/property/building/details/B000059860/Two-Chinachem-Exchange-Square
Union Park Tower,168 Electric Road,https://www.midlandici.com.hk/ics/property/building/details/B000053035/Union-Park-Tower
Wellborne Commercial Centre,8 Java Road,https://www.midlandici.com.hk/ics/property/building/details/B000024817/Wellborne-Commercial-Centre
Workingberg Commerical Building,41-47 Marble Road,https://www.midlandici.com.hk/ics/property/building/details/B000007596/Workingberg-Commerical-Building
26 Nathan Road,26 Nathan Road,https://www.midlandici.com.hk/ics/property/building/details/B000022389/26-Nathan-Road
33 Argyle Street,33 Argyle Street,https://www.midlandici.com.hk/ics/property/building/details/B000056062/33-Argyle-Street
8 Hart Avenue,8 Hart Avenue,https://www.midlandici.com.hk/ics/property/building/details/B000022194/8-Hart-Avenue
8 Observatory Road,8 Observatory Road,https://www.midlandici.com.hk/ics/property/building/details/B000081559/8-Observatory-Road
Argyle Centre,688 Nathan Road,https://www.midlandici.com.hk/ics/property/building/details/B000006978/Argyle-Centre
Astoria Building,34 Ashley Road,https://www.midlandici.com.hk/ics/property/building/details/B000018124/Astoria-Building
Austin Commercial Centre,4 Austin Avenue,https://www.midlandici.com.hk/ics/property/building/details/B000018131/Austin-Commercial-Centre
Austin Tower,22-26 Austin Avenue,https://www.midlandici.com.hk/ics/property/building/details/B000081909/Austin-Tower
Bcc Building,25-31 Carnarvon Road,https://www.midlandici.com.hk/ics/property/building/details/B000018167/Bcc-Building
Best-o-best Commercial Centre,32-36 Ferry Street,https://www.midlandici.com.hk/ics/property/building/details/B000018202/Best-o-best-Commercial-Centre
Beverley Commercial Centre,87-105 Chatham Road South,https://www.midlandici.com.hk/ics/property/building/details/B000018206/Beverley-Commercial-Centre
Boc Mongkok Commercial Centre,589 Nathan Road,https://www.midlandici.com.hk/ics/property/building/details/B000020970/Boc-Mongkok-Commercial-Centre
Boss Commercial Centre,28 Ferry Street,https://www.midlandici.com.hk/ics/property/building/details/B000018245/Boss-Commercial-Centre
Bright Way Tower,33 Mongkok Road,https://www.midlandici.com.hk/ics/property/building/details/B000007330/Bright-Way-Tower
Century House,3-4 Hanoi Road,https://www.midlandici.com.hk/ics/property/building/details/B000018373/Century-House
Cfc Tower,22-28 Mody Road,https://www.midlandici.com.hk/ics/property/building/details/B000018376/Cfc-Tower
Champion Building,301-309 Nathan Road,https://www.midlandici.com.hk/ics/property/building/details/B000052953/Champion-Building
Cheuk Nang Centre,9-11a Hillwood Road,https://www.midlandici.com.hk/ics/property/building/details/B000018482/Cheuk-Nang-Centre
Cheung Lee Commercial Building,25 Kimberley Road,https://www.midlandici.com.hk/ics/property/building/details/B000018520/Cheung-Lee-Commercial-Building
Chevalier House,45-51 Chatham Road South,https://www.midlandici.com.hk/ics/property/building/details/B000018570/Chevalier-House
China Hong Kong City Tower 1,33 Canton Road,https://www.midlandici.com.hk/ics/property/building/details/B000061846/China-Hong-Kong-City-Tower-1
China Hong Kong City Tower 2,33 Canton Road,https://www.midlandici.com.hk/ics/property/building/details/B000061847/China-Hong-Kong-City-Tower-2
China Hong Kong City Tower 3,33 Canton Road,https://www.midlandici.com.hk/ics/property/building/details/B000061848/China-Hong-Kong-City-Tower-3
China Hong Kong City Tower 5,33 Canton Road,https://www.midlandici.com.hk/ics/property/building/details/B000061849/China-Hong-Kong-City-Tower-5
China Hong Kong City Tower 6,33 Canton Road,https://www.midlandici.com.hk/ics/property/building/details/B000061850/China-Hong-Kong-City-Tower-6
Chinachem Golden Plaza,77 Mody Road,https://www.midlandici.com.hk/ics/property/building/details/B000062493/Chinachem-Golden-Plaza
Concordia Plaza,1 Science Museum Road,https://www.midlandici.com.hk/ics/property/building/details/B000018865/Concordia-Plaza
East Ocean Centre,98 Granville Road,https://www.midlandici.com.hk/ics/property/building/details/B000007294/East-Ocean-Centre
Empire Centre,68 Mody Road,https://www.midlandici.com.hk/ics/property/building/details/B000019029/Empire-Centre
Empress Plaza,17-19 Chatham Road South,https://www.midlandici.com.hk/ics/property/building/details/B000019030/Empress-Plaza
Energy Plaza,92 Granville Road,https://www.midlandici.com.hk/ics/property/building/details/B000019032/Energy-Plaza
Eu Yan Sang Tower,11-15 Chatham Road South,https://www.midlandici.com.hk/ics/property/building/details/B000060702/Eu-Yan-Sang-Tower
Harbour Crystal Centre,100 Granville Road,https://www.midlandici.com.hk/ics/property/building/details/B000007295/Harbour-Crystal-Centre
Hermes Commercial Centre,4-4a Hillwood Road,https://www.midlandici.com.hk/ics/property/building/details/B000019801/Hermes-Commercial-Centre
Hong Kong Pacific Centre,28 Hankow Road,https://www.midlandici.com.hk/ics/property/building/details/B000020055/Hong-Kong-Pacific-Centre
Houston Centre,63 Mody Road,https://www.midlandici.com.hk/ics/property/building/details/B000020143/Houston-Centre
Icc-international Commerce Centre,1 Austin Road West,https://www.midlandici.com.hk/ics/property/building/details/B000063541/Icc-international-Commerce-Centre
Inter-continental Plaza,94 Granville Road,https://www.midlandici.com.hk/ics/property/building/details/B000020247/Inter-continental-Plaza
Kaiseng Commercial Centre,4-6 Hankow Road,https://www.midlandici.com.hk/ics/property/building/details/B000020428/Kaiseng-Commercial-Centre
Kee Shing Centre,74-76 Kimberley Road,https://www.midlandici.com.hk/ics/property/building/details/B000020600/Kee-Shing-Centre
Kelly Commercial Centre,570-572 Nathan Road,https://www.midlandici.com.hk/ics/property/building/details/B000006951/Kelly-Commercial-Centre
Kimberley House,35-35a Kimberley Road,https://www.midlandici.com.hk/ics/property/building/details/B000020662/Kimberley-House
Knutsford Commercial Building,4-5 Knutsford Terrace,https://www.midlandici.com.hk/ics/property/building/details/B000020808/Knutsford-Commercial-Building
Koon Fook Centre,9 Knutsford Terrace,https://www.midlandici.com.hk/ics/property/building/details/B000020842/Koon-Fook-Centre
Kowloon Centre,29-39 Ashley Road,https://www.midlandici.com.hk/ics/property/building/details/B000020868/Kowloon-Centre
Kundamal House,4 Prat Avenue,https://www.midlandici.com.hk/ics/property/building/details/B000020902/Kundamal-House
Langham Place,8 Argyle Street,https://www.midlandici.com.hk/ics/property/building/details/B000062592/Langham-Place
Le Diamant,703-705 Nathan Road,https://www.midlandici.com.hk/ics/property/building/details/B000078690/Le-Diamant
Lippo Sun Plaza,28 Canton Road,https://www.midlandici.com.hk/ics/property/building/details/B000021343/Lippo-Sun-Plaza
Mass Resources Development Building,12 Humphreys Avenue,https://www.midlandici.com.hk/ics/property/building/details/B000021783/Mass-Resources-Development-Building
Maxwell Centre,39-41 Hankow Road,https://www.midlandici.com.hk/ics/property/building/details/B000020248/Maxwell-Centre
Metropole Building,57 Peking Road,https://www.midlandici.com.hk/ics/property/building/details/B000007161/Metropole-Building
Mira Place,132-134 Nathan Road,https://www.midlandici.com.hk/ics/property/building/details/B000021933/Mira-Place
Mirror Tower,61 Mody Road,https://www.midlandici.com.hk/ics/property/building/details/B000021935/Mirror-Tower
Multifield Plaza,3 Prat Avenue,https://www.midlandici.com.hk/ics/property/building/details/B000022003/Multifield-Plaza
Nathan Centre,580g-580k Nathan Road,https://www.midlandici.com.hk/ics/property/building/details/B000006952/Nathan-Centre
New East Ocean Centre,9 Science Museum Road,https://www.midlandici.com.hk/ics/property/building/details/B000022082/New-East-Ocean-Centre
New Mandarin Plaza A,14 Science Museum Road,https://www.midlandici.com.hk/ics/property/building/details/B000053342/New-Mandarin-Plaza-A
New Mandarin Plaza B,14 Science Museum Road,https://www.midlandici.com.hk/ics/property/building/details/B000053343/New-Mandarin-Plaza-B
Ocean Centre,5 Canton Road,https://www.midlandici.com.hk/ics/property/building/details/B000022214/Ocean-Centre
One Bedford Place,100-114 Bedford Road,https://www.midlandici.com.hk/ics/property/building/details/B000121585/One-Bedford-Place
One Peking,1 Peking Road,https://www.midlandici.com.hk/ics/property/building/details/B000062494/One-Peking
Oriental Centre,67-71 Chatham Road South,https://www.midlandici.com.hk/ics/property/building/details/B000022375/Oriental-Centre
Oriental Crystal Finance Centre,107-109 Chatham Road South,https://www.midlandici.com.hk/ics/property/building/details/B000022377/Oriental-Crystal-Finance-Centre
Peninsula Centre,67 Mody Road,https://www.midlandici.com.hk/ics/property/building/details/B000022526/Peninsula-Centre
President Commercial Centre,608 Nathan Road,https://www.midlandici.com.hk/ics/property/building/details/B000006958/President-Commercial-Centre
Railway Plaza,37-43 Chatham Road South,https://www.midlandici.com.hk/ics/property/building/details/B000022803/Railway-Plaza
Richmond Commercial Building,107-111 Argyle Street,https://www.midlandici.com.hk/ics/property/building/details/B000022866/Richmond-Commercial-Building
Rightful Centre,12 Tak Hing Street,https://www.midlandici.com.hk/ics/property/building/details/B000022881/Rightful-Centre
Silvercord Tower 1,30 Canton Road,https://www.midlandici.com.hk/ics/property/building/details/B000023363/Silvercord-Tower-1
Silvercord Tower 2,30 Canton Road,https://www.midlandici.com.hk/ics/property/building/details/B000060508/Silvercord-Tower-2
Silvercorp International Tower,707-713 Nathan Road,https://www.midlandici.com.hk/ics/property/building/details/B000007538/Silvercorp-International-Tower
Sino Centre,582-592 Nathan Road,https://www.midlandici.com.hk/ics/property/building/details/B000006953/Sino-Centre
South Seas Centre 1,75 Mody Road,https://www.midlandici.com.hk/ics/property/building/details/B000053344/South-Seas-Centre-1
South Seas Centre 2,75 Mody Road,https://www.midlandici.com.hk/ics/property/building/details/B000053345/South-Seas-Centre-2
Star House,3 Salisbury Road,https://www.midlandici.com.hk/ics/property/building/details/B000023509/Star-House
Supreme House,2a Hart Avenue,https://www.midlandici.com.hk/ics/property/building/details/B000023673/Supreme-House
The Gateway Tower 1,25 Canton Road,https://www.midlandici.com.hk/ics/property/building/details/B000019393/The-Gateway-Tower-1
The Gateway Tower 2,25 Canton Road,https://www.midlandici.com.hk/ics/property/building/details/B000062497/The-Gateway-Tower-2
The Gateway Tower 3-prudential Tower,21 Canton Road,https://www.midlandici.com.hk/ics/property/building/details/B000062498/The-Gateway-Tower-3-prudential-Tower
The Gateway Tower 5,15 Canton Road,https://www.midlandici.com.hk/ics/property/building/details/B000062499/The-Gateway-Tower-5
The Gateway Tower 6,9 Canton Road,https://www.midlandici.com.hk/ics/property/building/details/B000062500/The-Gateway-Tower-6
Tsimshatsui Centre,66 Mody Road,https://www.midlandici.com.hk/ics/property/building/details/B000024174/Tsimshatsui-Centre
Universal Commercial Building,65-69 Peking Road,https://www.midlandici.com.hk/ics/property/building/details/B000007162/Universal-Commercial-Building
Valiant Commercial Building,22-24 Prat Avenue,https://www.midlandici.com.hk/ics/property/building/details/B000024395/Valiant-Commercial-Building
Wharf T & T Centre,7 Canton Road,https://www.midlandici.com.hk/ics/property/building/details/B000025167/Wharf-T---T-Centre
Wing On Plaza,62 Mody Road,https://www.midlandici.com.hk/ics/property/building/details/B000025000/Wing-On-Plaza
World Commerce Centre,11 Canton Road,https://www.midlandici.com.hk/ics/property/building/details/B000025163/World-Commerce-Centre
World Finance Centre (north Tower),17-19 Canton Road,https://www.midlandici.com.hk/ics/property/building/details/B000061853/World-Finance-Centre--north-Tower-
World Finance Centre (south Tower),17-19 Canton Road,https://www.midlandici.com.hk/ics/property/building/details/B000061852/World-Finance-Centre--south-Tower-
Zhongda Building,38-40 Haiphong Road,https://www.midlandici.com.hk/ics/property/building/details/B000025617/Zhongda-Building
83 King Lam Street Tower A,83 King Lam Street,https://www.midlandici.com.hk/ics/property/building/details/B000112480/83-King-Lam-Street-Tower-A
83 King Lam Street Tower B,83 King Lam Street,https://www.midlandici.com.hk/ics/property/building/details/B000112481/83-King-Lam-Street-Tower-B
83 Wing Hong Street,83 Wing Hong Street,https://www.midlandici.com.hk/ics/property/building/details/B000120992/83-Wing-Hong-Street
909 Cheung Sha Wan Road,909 Cheung Sha Wan Road,https://www.midlandici.com.hk/ics/property/building/details/B000024673/909-Cheung-Sha-Wan-Road
Billion Plaza,8 Cheung Yue Street,https://www.midlandici.com.hk/ics/property/building/details/B000052931/Billion-Plaza
Billion Plaza Ii,10 Cheung Yue Street,https://www.midlandici.com.hk/ics/property/building/details/B000078476/Billion-Plaza-Ii
Cheung Sha Wan Plaza Tower I,833 Cheung Sha Wan Road,https://www.midlandici.com.hk/ics/property/building/details/B000054978/Cheung-Sha-Wan-Plaza-Tower-I
Cheung Sha Wan Plaza Tower Ii,833 Cheung Sha Wan Road,https://www.midlandici.com.hk/ics/property/building/details/B000054979/Cheung-Sha-Wan-Plaza-Tower-Ii
China Shipbuilding Tower,650 Cheung Sha Wan Road,https://www.midlandici.com.hk/ics/property/building/details/B000083965/China-Shipbuilding-Tower
Clifford Centre,778-784 Cheung Sha Wan Road,https://www.midlandici.com.hk/ics/property/building/details/B000053057/Clifford-Centre
Comweb Plaza,12 Cheung Yue Street,https://www.midlandici.com.hk/ics/property/building/details/B000007242/Comweb-Plaza
D2 Place One,9 Cheung Yee Street,https://www.midlandici.com.hk/ics/property/building/details/B000055081/D2-Place-One
Excel Centre,483a Castle Peak Road,https://www.midlandici.com.hk/ics/property/building/details/B000071134/Excel-Centre
Kings Tower,111 King Lam Street,https://www.midlandici.com.hk/ics/property/building/details/B000055044/Kings-Tower
Laford Centre,838 Lai Chi Kok Road,https://www.midlandici.com.hk/ics/property/building/details/B000021067/Laford-Centre
Laws Commercial Plaza,788 Cheung Sha Wan Road,https://www.midlandici.com.hk/ics/property/building/details/B000021167/Laws-Commercial-Plaza
Ncb Innovation Centre,888 Lai Chi Kok Road,https://www.midlandici.com.hk/ics/property/building/details/B000093889/Ncb-Innovation-Centre
Peakcastle,476 Castle Peak Road,https://www.midlandici.com.hk/ics/property/building/details/B000022467/Peakcastle
Peninsula Tower,534-538 Castle Peak Road,https://www.midlandici.com.hk/ics/property/building/details/B000022528/Peninsula-Tower
Saxon Tower,7 Cheung Shun Street,https://www.midlandici.com.hk/ics/property/building/details/B000059580/Saxon-Tower
Times Tower,928-930 Cheung Sha Wan Road,https://www.midlandici.com.hk/ics/property/building/details/B000007233/Times-Tower
West Gate Tower,7 Wing Hong Street,https://www.midlandici.com.hk/ics/property/building/details/B000024831/West-Gate-Tower
Hunghom Commercial Centre A,37-39 Ma Tau Wai Road,https://www.midlandici.com.hk/ics/property/building/details/B000007889/Hunghom-Commercial-Centre-A
Hunghom Commercial Centre B,37-39 Ma Tau Wai Road,https://www.midlandici.com.hk/ics/property/building/details/B000007890/Hunghom-Commercial-Centre-B
Peninsula Square,18 Sung On Street,https://www.midlandici.com.hk/ics/property/building/details/B000007088/Peninsula-Square
The Harbourfront Tower 1,18-22 Tak Fung Street,https://www.midlandici.com.hk/ics/property/building/details/B000063833/The-Harbourfront-Tower-1
The Harbourfront Tower 2,18-22 Tak Fung Street,https://www.midlandici.com.hk/ics/property/building/details/B000063784/The-Harbourfront-Tower-2
The Metropolis Tower,10 Metropolis Drive,https://www.midlandici.com.hk/ics/property/building/details/B000064359/The-Metropolis-Tower
Maxgrand Plaza,3 Tai Yau Street,https://www.midlandici.com.hk/ics/property/building/details/B000080611/Maxgrand-Plaza
On Tin Centre,1-3 Sheung Hei Street,https://www.midlandici.com.hk/ics/property/building/details/B000080050/On-Tin-Centre
One Portside,29 Tai Yau Street,https://www.midlandici.com.hk/ics/property/building/details/B000059457/One-Portside
The Burrow,212 Choi Hung Road,https://www.midlandici.com.hk/ics/property/building/details/B000111508/The-Burrow
Win Plaza,9 Sheung Hei Street,https://www.midlandici.com.hk/ics/property/building/details/B000066796/Win-Plaza
Asia Trade Centre,79 Lei Muk Road,https://www.midlandici.com.hk/ics/property/building/details/B000018122/Asia-Trade-Centre
Chinabest International Centre,8 Kwai On Road,https://www.midlandici.com.hk/ics/property/building/details/B000059862/Chinabest-International-Centre
Citic Telecom Tower,93 Kwai Fuk Rd,https://www.midlandici.com.hk/ics/property/building/details/B000059871/Citic-Telecom-Tower
Edge,30-34 Kwai Wing Rd,https://www.midlandici.com.hk/ics/property/building/details/B000064189/Edge
Ever Gain Plaza Tower 1,82-100 Container Port Road,https://www.midlandici.com.hk/ics/property/building/details/B000053017/Ever-Gain-Plaza-Tower-1
Ever Gain Plaza Tower 2,82-100 Container Port Road,https://www.midlandici.com.hk/ics/property/building/details/B000053018/Ever-Gain-Plaza-Tower-2
K83,83 Tai Lin Pai Road,https://www.midlandici.com.hk/ics/property/building/details/B000088026/K83
Kc100,100-110 Kwai Cheong Road,https://www.midlandici.com.hk/ics/property/building/details/B000078692/Kc100
Kowloon Commerce Centre Tower 1,51 Kwai Cheong Road,https://www.midlandici.com.hk/ics/property/building/details/B000066161/Kowloon-Commerce-Centre-Tower-1
Kowloon Commerce Centre Tower 2,51 Kwai Cheong Road,https://www.midlandici.com.hk/ics/property/building/details/B000061130/Kowloon-Commerce-Centre-Tower-2
Manhattan Centre,2-16 Kwai Cheong Road,https://www.midlandici.com.hk/ics/property/building/details/B000007795/Manhattan-Centre
Metro Loft,38 Kwai Hei Street,https://www.midlandici.com.hk/ics/property/building/details/B000056108/Metro-Loft
Metroplaza Tower 1,223 Hing Fong Road,https://www.midlandici.com.hk/ics/property/building/details/B000007787/Metroplaza-Tower-1
Metroplaza Tower 2,223 Hing Fong Road,https://www.midlandici.com.hk/ics/property/building/details/B000007788/Metroplaza-Tower-2
Millennium Trade Centre,56 Kwai Cheong Road,https://www.midlandici.com.hk/ics/property/building/details/B000059874/Millennium-Trade-Centre
Viking Technology & Business Centre A,93 Ta Chuen Ping Street,https://www.midlandici.com.hk/ics/property/building/details/B000059544/Viking-Technology---Business-Centre-A
Viking Technology & Business Centre B,93 Ta Chuen Ping Street,https://www.midlandici.com.hk/ics/property/building/details/B000067518/Viking-Technology---Business-Centre-B
One North Tower 1,8 Hong Yip Street,https://www.midlandici.com.hk/ics/property/building/details/B000108493/One-North-Tower-1
One North Tower 2,8 Hong Yip Street,https://www.midlandici.com.hk/ics/property/building/details/B000108494/One-North-Tower-2
Fuk Shing Commercial Building,28 On Lok Mun Street,https://www.midlandici.com.hk/ics/property/building/details/B000059831/Fuk-Shing-Commercial-Building
208 Johnston Road,208 Johnston Road,https://www.midlandici.com.hk/ics/property/building/details/B000094314/208-Johnston-Road
Emperor Watch And Jewellery Centre,8 Russell Street,https://www.midlandici.com.hk/ics/property/building/details/B000060608/Emperor-Watch-And-Jewellery-Centre
L'hart,487-489 Lockhart Road,https://www.midlandici.com.hk/ics/property/building/details/B000053975/L-hart
One Continental,232 Wan Chai Road,https://www.midlandici.com.hk/ics/property/building/details/B000111798/One-Continental
The Sharp,11-13 Sharp Street East,https://www.midlandici.com.hk/ics/property/building/details/B000084541/The-Sharp
724-726 Nathan Road,724-726 Nathan Road,https://www.midlandici.com.hk/ics/property/building/details/B000078384/724-726-Nathan-Road
H8,8 Hau Fook Street,https://www.midlandici.com.hk/ics/property/building/details/B000072955/H8
King Wah Ctr,620-628 Nathan Road,https://www.midlandici.com.hk/ics/property/building/details/B000053563/King-Wah-Ctr
Ladder Dundas,575 Nathan Road,https://www.midlandici.com.hk/ics/property/building/details/B000088546/Ladder-Dundas
